"../../../Engine/Plugins/Animation/ACLPlugin/Content/ACLAnimBoneCompressionSettings.uasset" 0
"../../../Engine/Plugins/Animation/ACLPlugin/Content/ACLAnimBoneCompressionSettings.uexp" 1
"../../../Engine/Plugins/2D/Paper2D/Content/PlaceholderTextures/DummySpriteTexture.ubulk" 2
"../../../Engine/Plugins/2D/Paper2D/Content/PlaceholderTextures/DummySpriteTexture.uasset" 3
"../../../Engine/Plugins/2D/Paper2D/Content/PlaceholderTextures/DummySpriteTexture.uexp" 4
"../../../Engine/Plugins/2D/Paper2D/Content/DummySprite.uasset" 5
"../../../Engine/Plugins/2D/Paper2D/Content/DummySprite.uexp" 6
"../../../Engine/Plugins/2D/Paper2D/Content/DefaultPaperTerrainMaterial.uasset" 7
"../../../Engine/Plugins/2D/Paper2D/Content/DefaultPaperTerrainMaterial.uexp" 8
"../../../Engine/Content/EngineSounds/Master.uasset" 9
"../../../Engine/Content/EngineSounds/Master.uexp" 10
"../../../Engine/Content/EngineMaterials/DefaultPhysicalMaterial.uasset" 11
"../../../Engine/Content/EngineMaterials/DefaultPhysicalMaterial.uexp" 12
"../../../Engine/Content/EngineMaterials/DefaultDestructiblePhysicalMaterial.uasset" 13
"../../../Engine/Content/EngineMaterials/DefaultDestructiblePhysicalMaterial.uexp" 14
"../../../Engine/Content/EngineFonts/Faces/DroidSansFallback.uexp" 15
"../../../Engine/Content/EngineFonts/Faces/DroidSansFallback.uasset" 16
"../../../Engine/Content/EngineFonts/Faces/DroidSansFallback.ufont" 17
"../../../Engine/Content/EngineFonts/Faces/RobotoBold.uexp" 18
"../../../Engine/Content/EngineFonts/Faces/RobotoBold.uasset" 19
"../../../Engine/Content/EngineFonts/Faces/RobotoBold.ufont" 20
"../../../Engine/Content/EngineFonts/Faces/RobotoBoldItalic.uexp" 21
"../../../Engine/Content/EngineFonts/Faces/RobotoBoldItalic.uasset" 22
"../../../Engine/Content/EngineFonts/Faces/RobotoBoldItalic.ufont" 23
"../../../Engine/Content/EngineFonts/Faces/RobotoItalic.uexp" 24
"../../../Engine/Content/EngineFonts/Faces/RobotoItalic.uasset" 25
"../../../Engine/Content/EngineFonts/Faces/RobotoItalic.ufont" 26
"../../../Engine/Content/EngineFonts/Faces/RobotoLight.uexp" 27
"../../../Engine/Content/EngineFonts/Faces/RobotoLight.uasset" 28
"../../../Engine/Content/EngineFonts/Faces/RobotoLight.ufont" 29
"../../../Engine/Content/EngineFonts/Faces/RobotoRegular.uexp" 30
"../../../Engine/Content/EngineFonts/Faces/RobotoRegular.uasset" 31
"../../../Engine/Content/EngineFonts/Faces/RobotoRegular.ufont" 32
"../../../Engine/Content/EngineFonts/Roboto.uasset" 33
"../../../Engine/Content/EngineFonts/Roboto.uexp" 34
"../../../Engine/Content/EngineFonts/Faces/DroidSansMono.uexp" 35
"../../../Engine/Content/EngineFonts/Faces/DroidSansMono.uasset" 36
"../../../Engine/Content/EngineFonts/Faces/DroidSansMono.ufont" 37
"../../../Engine/Content/EngineFonts/DroidSansMono.uasset" 38
"../../../Engine/Content/EngineFonts/DroidSansMono.uexp" 39
"../../../Engine/Plugins/Interchange/Runtime/Content/Pipelines/DefaultTexturePipeline.uasset" 40
"../../../Engine/Plugins/Interchange/Runtime/Content/Pipelines/DefaultTexturePipeline.uexp" 41
"../../../Engine/Plugins/Interchange/Runtime/Content/Pipelines/DefaultSceneLevelPipeline.uasset" 42
"../../../Engine/Plugins/Interchange/Runtime/Content/Pipelines/DefaultSceneLevelPipeline.uexp" 43
"../../../Engine/Plugins/Interchange/Runtime/Content/Pipelines/DefaultSceneAssetsPipeline.uasset" 44
"../../../Engine/Plugins/Interchange/Runtime/Content/Pipelines/DefaultSceneAssetsPipeline.uexp" 45
"../../../Engine/Plugins/Interchange/Runtime/Content/Pipelines/DefaultMaterialXPipeline.uasset" 46
"../../../Engine/Plugins/Interchange/Runtime/Content/Pipelines/DefaultMaterialXPipeline.uexp" 47
"../../../Engine/Plugins/Interchange/Runtime/Content/Pipelines/DefaultMaterialPipeline.uasset" 48
"../../../Engine/Plugins/Interchange/Runtime/Content/Pipelines/DefaultMaterialPipeline.uexp" 49
"../../../Engine/Plugins/Interchange/Runtime/Content/Pipelines/DefaultGLTFSceneAssetsPipeline.uasset" 50
"../../../Engine/Plugins/Interchange/Runtime/Content/Pipelines/DefaultGLTFSceneAssetsPipeline.uexp" 51
"../../../Engine/Plugins/Interchange/Runtime/Content/Pipelines/DefaultGLTFPipeline.uasset" 52
"../../../Engine/Plugins/Interchange/Runtime/Content/Pipelines/DefaultGLTFPipeline.uexp" 53
"../../../Engine/Plugins/Interchange/Runtime/Content/Pipelines/DefaultGLTFAssetsPipeline.uasset" 54
"../../../Engine/Plugins/Interchange/Runtime/Content/Pipelines/DefaultGLTFAssetsPipeline.uexp" 55
"../../../Engine/Plugins/Interchange/Runtime/Content/Pipelines/DefaultAssetsPipeline.uasset" 56
"../../../Engine/Plugins/Interchange/Runtime/Content/Pipelines/DefaultAssetsPipeline.uexp" 57
"../../../Engine/Content/EngineResources/GradientTexture0.uasset" 58
"../../../Engine/Content/EngineResources/GradientTexture0.uexp" 59
"../../../Engine/Content/EngineResources/Black.uasset" 60
"../../../Engine/Content/EngineResources/Black.uexp" 61
"../../../Engine/Content/EditorResources/S_Actor.ubulk" 62
"../../../Engine/Content/EditorResources/S_Actor.uasset" 63
"../../../Engine/Content/EditorResources/S_Actor.uexp" 64
"../../../Engine/Plugins/NNE/NNEDenoiser/Content/NNEDTOM_Output_Default.uasset" 65
"../../../Engine/Plugins/NNE/NNEDenoiser/Content/NNEDTOM_Output_Default.uexp" 66
"../../../Engine/Plugins/NNE/NNEDenoiser/Content/NNEDTOM_Output_Alpha.uasset" 67
"../../../Engine/Plugins/NNE/NNEDenoiser/Content/NNEDTOM_Output_Alpha.uexp" 68
"../../../Engine/Plugins/NNE/NNEDenoiser/Content/NNEDTIM_ColorAlbedoNormal_Default.uasset" 69
"../../../Engine/Plugins/NNE/NNEDenoiser/Content/NNEDTIM_ColorAlbedoNormal_Default.uexp" 70
"../../../Engine/Plugins/NNE/NNEDenoiser/Content/NNEDTIM_ColorAlbedoNormal_Alpha.uasset" 71
"../../../Engine/Plugins/NNE/NNEDenoiser/Content/NNEDTIM_ColorAlbedoNormal_Alpha.uexp" 72
"../../../Engine/Plugins/NNE/NNEDenoiser/Content/NNEDOM_Output_Default.uasset" 73
"../../../Engine/Plugins/NNE/NNEDenoiser/Content/NNEDOM_Output_Default.uexp" 74
"../../../Engine/Plugins/NNE/NNEDenoiser/Content/NNEDOM_Output_Alpha.uasset" 75
"../../../Engine/Plugins/NNE/NNEDenoiser/Content/NNEDOM_Output_Alpha.uexp" 76
"../../../Engine/Plugins/NNE/NNEDenoiser/Content/NNEDIM_HighQuality_Default.uasset" 77
"../../../Engine/Plugins/NNE/NNEDenoiser/Content/NNEDIM_HighQuality_Default.uexp" 78
"../../../Engine/Plugins/NNE/NNEDenoiser/Content/NNEDIM_HighQuality_Alpha.uasset" 79
"../../../Engine/Plugins/NNE/NNEDenoiser/Content/NNEDIM_HighQuality_Alpha.uexp" 80
"../../../Engine/Plugins/NNE/NNEDenoiser/Content/NNEDIM_ColorAlbedoNormal_Default.uasset" 81
"../../../Engine/Plugins/NNE/NNEDenoiser/Content/NNEDIM_ColorAlbedoNormal_Default.uexp" 82
"../../../Engine/Plugins/NNE/NNEDenoiser/Content/NNEDIM_ColorAlbedoNormal_Alpha.uasset" 83
"../../../Engine/Plugins/NNE/NNEDenoiser/Content/NNEDIM_ColorAlbedoNormal_Alpha.uexp" 84
"../../../Engine/Content/Functions/Engine_MaterialFunctions02/WorldPositionOffset/CameraOffset.uasset" 85
"../../../Engine/Content/Functions/Engine_MaterialFunctions02/WorldPositionOffset/CameraOffset.uexp" 86
"../../../Engine/Plugins/Animation/ControlRig/Content/M_Manip.uasset" 87
"../../../Engine/Plugins/Animation/ControlRig/Content/M_Manip.uexp" 88
"../../../Engine/Content/EditorLandscapeResources/WhiteSquareTexture.uasset" 89
"../../../Engine/Content/EditorLandscapeResources/WhiteSquareTexture.uexp" 90
"../../../Engine/Content/EditorLandscapeResources/LayerVisMaterial.uasset" 91
"../../../Engine/Content/EditorLandscapeResources/LayerVisMaterial.uexp" 92
"../../../Engine/Content/Functions/Engine_MaterialFunctions02/Utility/BreakOutFloat2Components.uasset" 93
"../../../Engine/Content/Functions/Engine_MaterialFunctions02/Utility/BreakOutFloat2Components.uexp" 94
"../../../Engine/Content/Functions/Engine_MaterialFunctions01/Texturing/ScaleUVsByCenter.uasset" 95
"../../../Engine/Content/Functions/Engine_MaterialFunctions01/Texturing/ScaleUVsByCenter.uexp" 96
"../../../Engine/Content/Functions/Engine_MaterialFunctions02/WorldPositionOffset/LocalPosition.uasset" 97
"../../../Engine/Content/Functions/Engine_MaterialFunctions02/WorldPositionOffset/LocalPosition.uexp" 98
"../../../Engine/Content/EngineMaterials/DefaultDiffuse.ubulk" 99
"../../../Engine/Content/EngineMaterials/DefaultDiffuse.uasset" 100
"../../../Engine/Content/EngineMaterials/DefaultDiffuse.uexp" 101
"../../../Engine/Content/Functions/Engine_MaterialFunctions01/Texturing/TextureCropping.uasset" 102
"../../../Engine/Content/Functions/Engine_MaterialFunctions01/Texturing/TextureCropping.uexp" 103
"../../../Engine/Content/Functions/Engine_MaterialFunctions02/ExampleContent/DebugNumberStrip.uasset" 104
"../../../Engine/Content/Functions/Engine_MaterialFunctions02/ExampleContent/DebugNumberStrip.uexp" 105
"../../../Engine/Content/Functions/Engine_MaterialFunctions01/Debug/DebugIntValues.uasset" 106
"../../../Engine/Content/Functions/Engine_MaterialFunctions01/Debug/DebugIntValues.uexp" 107
"../../../Engine/Content/EditorLandscapeResources/LandscapeLayerUsageMaterial.uasset" 108
"../../../Engine/Content/EditorLandscapeResources/LandscapeLayerUsageMaterial.uexp" 109
"../../../Engine/Content/EditorLandscapeResources/DefaultAlphaTexture.uasset" 110
"../../../Engine/Content/EditorLandscapeResources/DefaultAlphaTexture.uexp" 111
"../../../Engine/Content/EditorLandscapeResources/LandscapeDirtyMaterial.uasset" 112
"../../../Engine/Content/EditorLandscapeResources/LandscapeDirtyMaterial.uexp" 113
"../../../Engine/Content/BasicShapes/BasicShapeMaterial.uasset" 114
"../../../Engine/Content/BasicShapes/BasicShapeMaterial.uexp" 115
"../../../Engine/Content/EngineMaterials/RemoveSurfaceMaterial.uasset" 116
"../../../Engine/Content/EngineMaterials/RemoveSurfaceMaterial.uexp" 117
"../../../Engine/Content/EngineMaterials/PreintegratedSkinBRDF.uasset" 118
"../../../Engine/Content/EngineMaterials/PreintegratedSkinBRDF.uexp" 119
"../../../Engine/Content/EngineMaterials/DefaultCalibrationGrayscale.uasset" 120
"../../../Engine/Content/EngineMaterials/DefaultCalibrationGrayscale.uexp" 121
"../../../Engine/Content/EngineMaterials/PPM_DefaultCalibrationGrayscale.uasset" 122
"../../../Engine/Content/EngineMaterials/PPM_DefaultCalibrationGrayscale.uexp" 123
"../../../Engine/Content/EngineMaterials/DefaultCalibrationColor.uasset" 124
"../../../Engine/Content/EngineMaterials/DefaultCalibrationColor.uexp" 125
"../../../Engine/Content/EngineMaterials/PPM_DefaultCalibrationColor.uasset" 126
"../../../Engine/Content/EngineMaterials/PPM_DefaultCalibrationColor.uexp" 127
"../../../Engine/Content/EngineMaterials/PhAT_JointLimitMaterial.uasset" 128
"../../../Engine/Content/EngineMaterials/PhAT_JointLimitMaterial.uexp" 129
"../../../Engine/Content/EngineMaterials/NaniteHiddenSectionMaterial.uasset" 130
"../../../Engine/Content/EngineMaterials/NaniteHiddenSectionMaterial.uexp" 131
"../../../Engine/Content/EngineMaterials/InvalidLightmapSettings.ubulk" 132
"../../../Engine/Content/EngineMaterials/InvalidLightmapSettings.uasset" 133
"../../../Engine/Content/EngineMaterials/InvalidLightmapSettings.uexp" 134
"../../../Engine/Content/EngineMaterials/M_InvalidLightmapSettings.uasset" 135
"../../../Engine/Content/EngineMaterials/M_InvalidLightmapSettings.uexp" 136
"../../../Engine/Content/EngineMaterials/MiniFont.uasset" 137
"../../../Engine/Content/EngineMaterials/MiniFont.uexp" 138
"../../../Engine/Content/EngineMaterials/GizmoMaterial.uasset" 139
"../../../Engine/Content/EngineMaterials/GizmoMaterial.uexp" 140
"../../../Engine/Content/EngineMaterials/BaseFlattenDiffuseMap_VT.ubulk" 141
"../../../Engine/Content/EngineMaterials/BaseFlattenDiffuseMap_VT.uasset" 142
"../../../Engine/Content/EngineMaterials/BaseFlattenDiffuseMap_VT.uexp" 143
"../../../Engine/Content/EngineMaterials/BaseFlattenEmissiveMap_VT.ubulk" 144
"../../../Engine/Content/EngineMaterials/BaseFlattenEmissiveMap_VT.uasset" 145
"../../../Engine/Content/EngineMaterials/BaseFlattenEmissiveMap_VT.uexp" 146
"../../../Engine/Content/EngineMaterials/BaseFlattenGrayscaleMap_VT.ubulk" 147
"../../../Engine/Content/EngineMaterials/BaseFlattenGrayscaleMap_VT.uasset" 148
"../../../Engine/Content/EngineMaterials/BaseFlattenGrayscaleMap_VT.uexp" 149
"../../../Engine/Content/EngineMaterials/BaseFlattenLinearColor_VT.ubulk" 150
"../../../Engine/Content/EngineMaterials/BaseFlattenLinearColor_VT.uasset" 151
"../../../Engine/Content/EngineMaterials/BaseFlattenLinearColor_VT.uexp" 152
"../../../Engine/Content/EngineMaterials/BaseFlattenNormalMap_VT.ubulk" 153
"../../../Engine/Content/EngineMaterials/BaseFlattenNormalMap_VT.uasset" 154
"../../../Engine/Content/EngineMaterials/BaseFlattenNormalMap_VT.uexp" 155
"../../../Engine/Content/EngineMaterials/Black_1x1_EXR_Texture_VT.ubulk" 156
"../../../Engine/Content/EngineMaterials/Black_1x1_EXR_Texture_VT.uasset" 157
"../../../Engine/Content/EngineMaterials/Black_1x1_EXR_Texture_VT.uexp" 158
"../../../Engine/Content/EngineMaterials/FlattenMaterial_WS_Normal_VT.uasset" 159
"../../../Engine/Content/EngineMaterials/FlattenMaterial_WS_Normal_VT.uexp" 160
"../../../Engine/Content/EngineMaterials/FlattenMaterial_VT.uasset" 161
"../../../Engine/Content/EngineMaterials/FlattenMaterial_VT.uexp" 162
"../../../Engine/Content/EngineMaterials/BaseFlattenLinearColor.uasset" 163
"../../../Engine/Content/EngineMaterials/BaseFlattenLinearColor.uexp" 164
"../../../Engine/Content/EngineMaterials/BaseFlattenNormalMap.uasset" 165
"../../../Engine/Content/EngineMaterials/BaseFlattenNormalMap.uexp" 166
"../../../Engine/Content/EngineMaterials/BaseFlattenDiffuseMap.uasset" 167
"../../../Engine/Content/EngineMaterials/BaseFlattenDiffuseMap.uexp" 168
"../../../Engine/Content/EngineMaterials/BaseFlattenEmissiveMap.uasset" 169
"../../../Engine/Content/EngineMaterials/BaseFlattenEmissiveMap.uexp" 170
"../../../Engine/Content/EngineMaterials/BaseFlattenGrayscaleMap.uasset" 171
"../../../Engine/Content/EngineMaterials/BaseFlattenGrayscaleMap.uexp" 172
"../../../Engine/Content/Functions/Engine_MaterialFunctions02/PivotPainter2/Black_1x1_EXR_Texture.uasset" 173
"../../../Engine/Content/Functions/Engine_MaterialFunctions02/PivotPainter2/Black_1x1_EXR_Texture.uexp" 174
"../../../Engine/Content/EngineMaterials/FlattenMaterial.uasset" 175
"../../../Engine/Content/EngineMaterials/FlattenMaterial.uexp" 176
"../../../Engine/Content/EngineMaterials/FastBlueNoise_vec2_128x128x64.uasset" 177
"../../../Engine/Content/EngineMaterials/FastBlueNoise_vec2_128x128x64.uexp" 178
"../../../Engine/Content/EngineMaterials/FastBlueNoise_scalar_128x128x8.uasset" 179
"../../../Engine/Content/EngineMaterials/FastBlueNoise_scalar_128x128x8.uexp" 180
"../../../Engine/Content/EngineMaterials/FastBlueNoise_scalar_128x128x64.uasset" 181
"../../../Engine/Content/EngineMaterials/FastBlueNoise_scalar_128x128x64.uexp" 182
"../../../Engine/Content/EngineMaterials/DefaultWhiteGrid_Low.uasset" 183
"../../../Engine/Content/EngineMaterials/DefaultWhiteGrid_Low.uexp" 184
"../../../Engine/Content/EngineMaterials/EmissiveMeshMaterial.uasset" 185
"../../../Engine/Content/EngineMaterials/EmissiveMeshMaterial.uexp" 186
"../../../Engine/Content/EngineMaterials/DefaultWhiteGrid.ubulk" 187
"../../../Engine/Content/EngineMaterials/DefaultWhiteGrid.uasset" 188
"../../../Engine/Content/EngineMaterials/DefaultWhiteGrid.uexp" 189
"../../../Engine/Content/EngineFonts/RobotoDistanceField.uasset" 190
"../../../Engine/Content/EngineFonts/RobotoDistanceField.uexp" 191
"../../../Engine/Content/EngineMaterials/DefaultTextMaterialOpaque.uasset" 192
"../../../Engine/Content/EngineMaterials/DefaultTextMaterialOpaque.uexp" 193
"../../../Engine/Content/EngineMaterials/DefaultPostProcessMaterial.uasset" 194
"../../../Engine/Content/EngineMaterials/DefaultPostProcessMaterial.uexp" 195
"../../../Engine/Content/EngineMaterials/DefaultLightFunctionMaterial.uasset" 196
"../../../Engine/Content/EngineMaterials/DefaultLightFunctionMaterial.uexp" 197
"../../../Engine/Content/EngineMaterials/DefaultDeferredDecalMaterial.uasset" 198
"../../../Engine/Content/EngineMaterials/DefaultDeferredDecalMaterial.uexp" 199
"../../../Engine/Content/EngineMaterials/DefaultBokeh.uasset" 200
"../../../Engine/Content/EngineMaterials/DefaultBokeh.uexp" 201
"../../../Engine/Content/EngineMaterials/DefaultBloomKernel.uasset" 202
"../../../Engine/Content/EngineMaterials/DefaultBloomKernel.uexp" 203
"../../../Engine/Content/Functions/Engine_MaterialFunctions02/Utility/CameraDirectionVector.uasset" 204
"../../../Engine/Content/Functions/Engine_MaterialFunctions02/Utility/CameraDirectionVector.uexp" 205
"../../../Engine/Content/EngineDebugMaterials/VolumeToRender.uasset" 206
"../../../Engine/Content/EngineDebugMaterials/VolumeToRender.uexp" 207
"../../../Engine/Content/EngineDebugMaterials/M_VolumeRenderSphereTracePP.uasset" 208
"../../../Engine/Content/EngineDebugMaterials/M_VolumeRenderSphereTracePP.uexp" 209
"../../../Engine/Content/EngineDebugMaterials/M_SimpleUnlitTranslucent.uasset" 210
"../../../Engine/Content/EngineDebugMaterials/M_SimpleUnlitTranslucent.uexp" 211
"../../../Engine/Content/EngineDebugMaterials/DebugMeshMaterial.uasset" 212
"../../../Engine/Content/EngineDebugMaterials/DebugMeshMaterial.uexp" 213
"../../../Engine/Content/EngineDebugMaterials/DebugEditorMaterial.uasset" 214
"../../../Engine/Content/EngineDebugMaterials/DebugEditorMaterial.uexp" 215
"../../../Engine/Content/EngineDamageTypes/DmgTypeBP_Environmental.uasset" 216
"../../../Engine/Content/EngineDamageTypes/DmgTypeBP_Environmental.uexp" 217
"../../../Engine/Content/EditorResources/S_TriggerSphere.uasset" 218
"../../../Engine/Content/EditorResources/S_TriggerSphere.uexp" 219
"../../../Engine/Content/EditorResources/S_TriggerCapsule.uasset" 220
"../../../Engine/Content/EditorResources/S_TriggerCapsule.uexp" 221
"../../../Engine/Content/EditorResources/S_TriggerBox.uasset" 222
"../../../Engine/Content/EditorResources/S_TriggerBox.uexp" 223
"../../../Engine/Content/EditorResources/S_Trigger.ubulk" 224
"../../../Engine/Content/EditorResources/S_Trigger.uasset" 225
"../../../Engine/Content/EditorResources/S_Trigger.uexp" 226
"../../../Engine/Content/EditorResources/S_Terrain.ubulk" 227
"../../../Engine/Content/EditorResources/S_Terrain.uasset" 228
"../../../Engine/Content/EditorResources/S_Terrain.uexp" 229
"../../../Engine/Content/EditorResources/S_Solver.ubulk" 230
"../../../Engine/Content/EditorResources/S_Solver.uasset" 231
"../../../Engine/Content/EditorResources/S_Solver.uexp" 232
"../../../Engine/Content/EditorResources/S_BoxReflectionCapture.uasset" 233
"../../../Engine/Content/EditorResources/S_BoxReflectionCapture.uexp" 234
"../../../Engine/Content/EditorResources/BSPVertex.uasset" 235
"../../../Engine/Content/EditorResources/BSPVertex.uexp" 236
"../../../Engine/Content/EditorMaterials/PreviewShadowIndicator.ubulk" 237
"../../../Engine/Content/EditorMaterials/PreviewShadowIndicator.uasset" 238
"../../../Engine/Content/EditorMaterials/PreviewShadowIndicator.uexp" 239
"../../../Engine/Content/EditorMaterials/PreviewShadowIndicatorMaterial.uasset" 240
"../../../Engine/Content/EditorMaterials/PreviewShadowIndicatorMaterial.uexp" 241
"../../../Engine/Content/EditorMaterials/PhAT_UnselectedMaterial.uasset" 242
"../../../Engine/Content/EditorMaterials/PhAT_UnselectedMaterial.uexp" 243
"../../../Engine/Content/EditorMaterials/PhAT_NoCollisionMaterial.uasset" 244
"../../../Engine/Content/EditorMaterials/PhAT_NoCollisionMaterial.uexp" 245
"../../../Engine/Plugins/VirtualProduction/CameraCalibrationCore/Content/Materials/M_DefaultOddSquare.uasset" 246
"../../../Engine/Plugins/VirtualProduction/CameraCalibrationCore/Content/Materials/M_DefaultOddSquare.uexp" 247
"../../../Engine/Plugins/VirtualProduction/CameraCalibrationCore/Content/Materials/M_DefaultEvenSquare.uasset" 248
"../../../Engine/Plugins/VirtualProduction/CameraCalibrationCore/Content/Materials/M_DefaultEvenSquare.uexp" 249
"C:/Users/User/Downloads/Parcial02/Content/Input/Actions/IA_MouseLook.uasset" 250
"C:/Users/User/Downloads/Parcial02/Content/Input/Actions/IA_MouseLook.uexp" 251
"C:/Users/User/Downloads/Parcial02/Content/Input/IMC_MouseLook.uasset" 252
"C:/Users/User/Downloads/Parcial02/Content/Input/IMC_MouseLook.uexp" 253
"C:/Users/User/Downloads/Parcial02/Content/Input/Actions/IA_Move.uasset" 254
"C:/Users/User/Downloads/Parcial02/Content/Input/Actions/IA_Move.uexp" 255
"C:/Users/User/Downloads/Parcial02/Content/Input/Actions/IA_Look.uasset" 256
"C:/Users/User/Downloads/Parcial02/Content/Input/Actions/IA_Look.uexp" 257
"C:/Users/User/Downloads/Parcial02/Content/Input/Actions/IA_Jump.uasset" 258
"C:/Users/User/Downloads/Parcial02/Content/Input/Actions/IA_Jump.uexp" 259
"C:/Users/User/Downloads/Parcial02/Content/Input/IMC_Default.uasset" 260
"C:/Users/User/Downloads/Parcial02/Content/Input/IMC_Default.uexp" 261
"../../../Engine/Content/MobileResources/HUD/VirtualJoystick_Thumb.uasset" 262
"../../../Engine/Content/MobileResources/HUD/VirtualJoystick_Thumb.uexp" 263
"../../../Engine/Content/MobileResources/HUD/VirtualJoystick_Background.uasset" 264
"../../../Engine/Content/MobileResources/HUD/VirtualJoystick_Background.uexp" 265
"C:/Users/User/Downloads/Parcial02/Content/Input/Touch/UI_Thumbstick.uasset" 266
"C:/Users/User/Downloads/Parcial02/Content/Input/Touch/UI_Thumbstick.uexp" 267
"C:/Users/User/Downloads/Parcial02/Content/Input/Touch/BPI_TouchInterface.uasset" 268
"C:/Users/User/Downloads/Parcial02/Content/Input/Touch/BPI_TouchInterface.uexp" 269
"C:/Users/User/Downloads/Parcial02/Content/Input/Touch/UI_TouchSimple.uasset" 270
"C:/Users/User/Downloads/Parcial02/Content/Input/Touch/UI_TouchSimple.uexp" 271
"C:/Users/User/Downloads/Parcial02/Content/FirstPerson/Blueprints/BP_FirstPersonCameraManager.uasset" 272
"C:/Users/User/Downloads/Parcial02/Content/FirstPerson/Blueprints/BP_FirstPersonCameraManager.uexp" 273
"C:/Users/User/Downloads/Parcial02/Content/FirstPerson/Blueprints/BP_FirstPersonPlayerController.uasset" 274
"C:/Users/User/Downloads/Parcial02/Content/FirstPerson/Blueprints/BP_FirstPersonPlayerController.uexp" 275
"../../../Engine/Plugins/Animation/ControlRig/Content/Controls/DefaultGizmoLibraryNormalized.uasset" 276
"../../../Engine/Plugins/Animation/ControlRig/Content/Controls/DefaultGizmoLibraryNormalized.uexp" 277
"C:/Users/User/Downloads/Parcial02/Content/FirstPerson/Anims/CtrlRig_FPWarp.uasset" 278
"C:/Users/User/Downloads/Parcial02/Content/FirstPerson/Anims/CtrlRig_FPWarp.uexp" 279
"C:/Users/User/Downloads/Parcial02/Content/Characters/Mannequins/Meshes/SK_Mannequin.uasset" 280
"C:/Users/User/Downloads/Parcial02/Content/Characters/Mannequins/Meshes/SK_Mannequin.uexp" 281
"C:/Users/User/Downloads/Parcial02/Content/FirstPerson/Anims/ABP_FP_Copy.uasset" 282
"C:/Users/User/Downloads/Parcial02/Content/FirstPerson/Anims/ABP_FP_Copy.uexp" 283
"C:/Users/User/Downloads/Parcial02/Content/Characters/Mannequins/Rigs/CR_Mannequin_FootIK.uasset" 284
"C:/Users/User/Downloads/Parcial02/Content/Characters/Mannequins/Rigs/CR_Mannequin_FootIK.uexp" 285
"../../../Engine/Content/Animation/DefaultVariableFrameStrippingSettings.uasset" 286
"../../../Engine/Content/Animation/DefaultVariableFrameStrippingSettings.uexp" 287
"../../../Engine/Content/Animation/DefaultAnimCurveCompressionSettings.uasset" 288
"../../../Engine/Content/Animation/DefaultAnimCurveCompressionSettings.uexp" 289
"../../../Engine/Content/Animation/DefaultAnimBoneCompressionSettings.uasset" 290
"../../../Engine/Content/Animation/DefaultAnimBoneCompressionSettings.uexp" 291
"C:/Users/User/Downloads/Parcial02/Content/Characters/Mannequins/Anims/Unarmed/MM_Idle.uasset" 292
"C:/Users/User/Downloads/Parcial02/Content/Characters/Mannequins/Anims/Unarmed/MM_Idle.uexp" 293
"../../../Engine/Plugins/Animation/ACLPlugin/Content/ACLAnimCurveCompressionSettings.uasset" 294
"../../../Engine/Plugins/Animation/ACLPlugin/Content/ACLAnimCurveCompressionSettings.uexp" 295
"C:/Users/User/Downloads/Parcial02/Content/Characters/Mannequins/Anims/Unarmed/Walk/MF_Unarmed_Walk_Right.uasset" 296
"C:/Users/User/Downloads/Parcial02/Content/Characters/Mannequins/Anims/Unarmed/Walk/MF_Unarmed_Walk_Right.uexp" 297
"C:/Users/User/Downloads/Parcial02/Content/Characters/Mannequins/Anims/Unarmed/Walk/MF_Unarmed_Walk_Left.uasset" 298
"C:/Users/User/Downloads/Parcial02/Content/Characters/Mannequins/Anims/Unarmed/Walk/MF_Unarmed_Walk_Left.uexp" 299
"../../../Engine/Content/Animation/DefaultRecorderBoneCompression.uasset" 300
"../../../Engine/Content/Animation/DefaultRecorderBoneCompression.uexp" 301
"C:/Users/User/Downloads/Parcial02/Content/Characters/Mannequins/Anims/Unarmed/Walk/MF_Unarmed_Walk_Fwd_Right.uasset" 302
"C:/Users/User/Downloads/Parcial02/Content/Characters/Mannequins/Anims/Unarmed/Walk/MF_Unarmed_Walk_Fwd_Right.uexp" 303
"C:/Users/User/Downloads/Parcial02/Content/Characters/Mannequins/Anims/Unarmed/Walk/MF_Unarmed_Walk_Fwd_Left.uasset" 304
"C:/Users/User/Downloads/Parcial02/Content/Characters/Mannequins/Anims/Unarmed/Walk/MF_Unarmed_Walk_Fwd_Left.uexp" 305
"C:/Users/User/Downloads/Parcial02/Content/Characters/Mannequins/Anims/Unarmed/Walk/MF_Unarmed_Walk_Fwd.uasset" 306
"C:/Users/User/Downloads/Parcial02/Content/Characters/Mannequins/Anims/Unarmed/Walk/MF_Unarmed_Walk_Fwd.uexp" 307
"C:/Users/User/Downloads/Parcial02/Content/Characters/Mannequins/Anims/Unarmed/Walk/MF_Unarmed_Walk_Bwd_Right.uasset" 308
"C:/Users/User/Downloads/Parcial02/Content/Characters/Mannequins/Anims/Unarmed/Walk/MF_Unarmed_Walk_Bwd_Right.uexp" 309
"C:/Users/User/Downloads/Parcial02/Content/Characters/Mannequins/Anims/Unarmed/Walk/MF_Unarmed_Walk_Bwd_Left.uasset" 310
"C:/Users/User/Downloads/Parcial02/Content/Characters/Mannequins/Anims/Unarmed/Walk/MF_Unarmed_Walk_Bwd_Left.uexp" 311
"C:/Users/User/Downloads/Parcial02/Content/Characters/Mannequins/Anims/Unarmed/Walk/MF_Unarmed_Walk_Bwd.uasset" 312
"C:/Users/User/Downloads/Parcial02/Content/Characters/Mannequins/Anims/Unarmed/Walk/MF_Unarmed_Walk_Bwd.uexp" 313
"C:/Users/User/Downloads/Parcial02/Content/Characters/Mannequins/Anims/Unarmed/Jog/MF_Unarmed_Jog_Right.uasset" 314
"C:/Users/User/Downloads/Parcial02/Content/Characters/Mannequins/Anims/Unarmed/Jog/MF_Unarmed_Jog_Right.uexp" 315
"C:/Users/User/Downloads/Parcial02/Content/Characters/Mannequins/Anims/Unarmed/Jog/MF_Unarmed_Jog_Left.uasset" 316
"C:/Users/User/Downloads/Parcial02/Content/Characters/Mannequins/Anims/Unarmed/Jog/MF_Unarmed_Jog_Left.uexp" 317
"C:/Users/User/Downloads/Parcial02/Content/Characters/Mannequins/Anims/Unarmed/Jog/MF_Unarmed_Jog_Fwd_Right.uasset" 318
"C:/Users/User/Downloads/Parcial02/Content/Characters/Mannequins/Anims/Unarmed/Jog/MF_Unarmed_Jog_Fwd_Right.uexp" 319
"C:/Users/User/Downloads/Parcial02/Content/Characters/Mannequins/Anims/Unarmed/Jog/MF_Unarmed_Jog_Fwd_Left.uasset" 320
"C:/Users/User/Downloads/Parcial02/Content/Characters/Mannequins/Anims/Unarmed/Jog/MF_Unarmed_Jog_Fwd_Left.uexp" 321
"C:/Users/User/Downloads/Parcial02/Content/Characters/Mannequins/Anims/Unarmed/Jog/MF_Unarmed_Jog_Fwd.uasset" 322
"C:/Users/User/Downloads/Parcial02/Content/Characters/Mannequins/Anims/Unarmed/Jog/MF_Unarmed_Jog_Fwd.uexp" 323
"C:/Users/User/Downloads/Parcial02/Content/Characters/Mannequins/Anims/Unarmed/Jog/MF_Unarmed_Jog_Bwd_Right.uasset" 324
"C:/Users/User/Downloads/Parcial02/Content/Characters/Mannequins/Anims/Unarmed/Jog/MF_Unarmed_Jog_Bwd_Right.uexp" 325
"C:/Users/User/Downloads/Parcial02/Content/Characters/Mannequins/Anims/Unarmed/Jog/MF_Unarmed_Jog_Bwd_Left.uasset" 326
"C:/Users/User/Downloads/Parcial02/Content/Characters/Mannequins/Anims/Unarmed/Jog/MF_Unarmed_Jog_Bwd_Left.uexp" 327
"C:/Users/User/Downloads/Parcial02/Content/Characters/Mannequins/Anims/Unarmed/Jog/MF_Unarmed_Jog_Bwd.uasset" 328
"C:/Users/User/Downloads/Parcial02/Content/Characters/Mannequins/Anims/Unarmed/Jog/MF_Unarmed_Jog_Bwd.uexp" 329
"C:/Users/User/Downloads/Parcial02/Content/Characters/Mannequins/Anims/Unarmed/BS_Idle_Walk_Run.uasset" 330
"C:/Users/User/Downloads/Parcial02/Content/Characters/Mannequins/Anims/Unarmed/BS_Idle_Walk_Run.uexp" 331
"C:/Users/User/Downloads/Parcial02/Content/Characters/Mannequins/Anims/Unarmed/Jump/MM_Land.uasset" 332
"C:/Users/User/Downloads/Parcial02/Content/Characters/Mannequins/Anims/Unarmed/Jump/MM_Land.uexp" 333
"C:/Users/User/Downloads/Parcial02/Content/Characters/Mannequins/Anims/Unarmed/Jump/MM_Jump.uasset" 334
"C:/Users/User/Downloads/Parcial02/Content/Characters/Mannequins/Anims/Unarmed/Jump/MM_Jump.uexp" 335
"C:/Users/User/Downloads/Parcial02/Content/Characters/Mannequins/Anims/Unarmed/Jump/MM_Fall_Loop.uasset" 336
"C:/Users/User/Downloads/Parcial02/Content/Characters/Mannequins/Anims/Unarmed/Jump/MM_Fall_Loop.uexp" 337
"C:/Users/User/Downloads/Parcial02/Content/Characters/Mannequins/Anims/Unarmed/ABP_Unarmed.uasset" 338
"C:/Users/User/Downloads/Parcial02/Content/Characters/Mannequins/Anims/Unarmed/ABP_Unarmed.uexp" 339
"C:/Users/User/Downloads/Parcial02/Content/Characters/Mannequins/Rigs/PA_Mannequin.uasset" 340
"C:/Users/User/Downloads/Parcial02/Content/Characters/Mannequins/Rigs/PA_Mannequin.uexp" 341
"C:/Users/User/Downloads/Parcial02/Content/Characters/Mannequins/Textures/Manny/T_Manny_02_MRA.ubulk" 342
"C:/Users/User/Downloads/Parcial02/Content/Characters/Mannequins/Textures/Manny/T_Manny_02_MRA.uasset" 343
"C:/Users/User/Downloads/Parcial02/Content/Characters/Mannequins/Textures/Manny/T_Manny_02_MRA.uexp" 344
"C:/Users/User/Downloads/Parcial02/Content/Characters/Mannequins/Textures/Manny/T_Manny_02_D.ubulk" 345
"C:/Users/User/Downloads/Parcial02/Content/Characters/Mannequins/Textures/Manny/T_Manny_02_D.uasset" 346
"C:/Users/User/Downloads/Parcial02/Content/Characters/Mannequins/Textures/Manny/T_Manny_02_D.uexp" 347
"C:/Users/User/Downloads/Parcial02/Content/Characters/Mannequins/Textures/Manny/T_Manny_02_BN.ubulk" 348
"C:/Users/User/Downloads/Parcial02/Content/Characters/Mannequins/Textures/Manny/T_Manny_02_BN.uasset" 349
"C:/Users/User/Downloads/Parcial02/Content/Characters/Mannequins/Textures/Manny/T_Manny_02_BN.uexp" 350
"C:/Users/User/Downloads/Parcial02/Content/Characters/Mannequins/Textures/Manny/T_Manny_01_MRA.ubulk" 351
"C:/Users/User/Downloads/Parcial02/Content/Characters/Mannequins/Textures/Manny/T_Manny_01_MRA.uasset" 352
"C:/Users/User/Downloads/Parcial02/Content/Characters/Mannequins/Textures/Manny/T_Manny_01_MRA.uexp" 353
"C:/Users/User/Downloads/Parcial02/Content/Characters/Mannequins/Textures/Manny/T_Manny_01_D.ubulk" 354
"C:/Users/User/Downloads/Parcial02/Content/Characters/Mannequins/Textures/Manny/T_Manny_01_D.uasset" 355
"C:/Users/User/Downloads/Parcial02/Content/Characters/Mannequins/Textures/Manny/T_Manny_01_D.uexp" 356
"C:/Users/User/Downloads/Parcial02/Content/Characters/Mannequins/Textures/Manny/T_Manny_01_BN.ubulk" 357
"C:/Users/User/Downloads/Parcial02/Content/Characters/Mannequins/Textures/Manny/T_Manny_01_BN.uasset" 358
"C:/Users/User/Downloads/Parcial02/Content/Characters/Mannequins/Textures/Manny/T_Manny_01_BN.uexp" 359
"../../../Engine/Content/Functions/Engine_MaterialFunctions01/Opacity/CameraDepthFade.uasset" 360
"../../../Engine/Content/Functions/Engine_MaterialFunctions01/Opacity/CameraDepthFade.uexp" 361
"C:/Users/User/Downloads/Parcial02/Content/Characters/Mannequins/Textures/Shared/T_UE_Logo_M.uasset" 362
"C:/Users/User/Downloads/Parcial02/Content/Characters/Mannequins/Textures/Shared/T_UE_Logo_M.uexp" 363
"C:/Users/User/Downloads/Parcial02/Content/Characters/Mannequins/Materials/M_Mannequin.uasset" 364
"C:/Users/User/Downloads/Parcial02/Content/Characters/Mannequins/Materials/M_Mannequin.uexp" 365
"C:/Users/User/Downloads/Parcial02/Content/Characters/Mannequins/Materials/Manny/MI_Manny_01_New.uasset" 366
"C:/Users/User/Downloads/Parcial02/Content/Characters/Mannequins/Materials/Manny/MI_Manny_01_New.uexp" 367
"C:/Users/User/Downloads/Parcial02/Content/Characters/Mannequins/Materials/Manny/MI_Manny_02_New.uasset" 368
"C:/Users/User/Downloads/Parcial02/Content/Characters/Mannequins/Materials/Manny/MI_Manny_02_New.uexp" 369
"C:/Users/User/Downloads/Parcial02/Content/Characters/Mannequins/Meshes/SKM_Manny_Simple.uasset" 370
"C:/Users/User/Downloads/Parcial02/Content/Characters/Mannequins/Meshes/SKM_Manny_Simple.uexp" 371
"C:/Users/User/Downloads/Parcial02/Content/FirstPerson/Blueprints/BP_FirstPersonCharacter.uasset" 372
"C:/Users/User/Downloads/Parcial02/Content/FirstPerson/Blueprints/BP_FirstPersonCharacter.uexp" 373
"C:/Users/User/Downloads/Parcial02/Content/FirstPerson/Blueprints/BP_FirstPersonGameMode.uasset" 374
"C:/Users/User/Downloads/Parcial02/Content/FirstPerson/Blueprints/BP_FirstPersonGameMode.uexp" 375
"../../../Engine/Plugins/Runtime/HairStrands/Content/Materials/HairMeshesDefaultMaterial.uasset" 376
"../../../Engine/Plugins/Runtime/HairStrands/Content/Materials/HairMeshesDefaultMaterial.uexp" 377
"../../../Engine/Plugins/Runtime/HairStrands/Content/Materials/HairDefaultMaterial.uasset" 378
"../../../Engine/Plugins/Runtime/HairStrands/Content/Materials/HairDefaultMaterial.uexp" 379
"../../../Engine/Content/Functions/Engine_MaterialFunctions02/Utility/MakeFloat2.uasset" 380
"../../../Engine/Content/Functions/Engine_MaterialFunctions02/Utility/MakeFloat2.uexp" 381
"../../../Engine/Content/Functions/Engine_MaterialFunctions02/Utility/MakeFloat3.uasset" 382
"../../../Engine/Content/Functions/Engine_MaterialFunctions02/Utility/MakeFloat3.uexp" 383
"../../../Engine/Plugins/Runtime/HairStrands/Content/Materials/HairGroupColors.uasset" 384
"../../../Engine/Plugins/Runtime/HairStrands/Content/Materials/HairGroupColors.uexp" 385
"../../../Engine/Content/EngineMaterials/HairColorMap.uasset" 386
"../../../Engine/Content/EngineMaterials/HairColorMap.uexp" 387
"../../../Engine/Content/EngineMaterials/HairDebugColor.uasset" 388
"../../../Engine/Content/EngineMaterials/HairDebugColor.uexp" 389
"../../../Engine/Plugins/Runtime/HairStrands/Content/Materials/HairDebugMaterial.uasset" 390
"../../../Engine/Plugins/Runtime/HairStrands/Content/Materials/HairDebugMaterial.uexp" 391
"../../../Engine/Plugins/Runtime/HairStrands/Content/Materials/HairCardsDefaultMaterial.uasset" 392
"../../../Engine/Plugins/Runtime/HairStrands/Content/Materials/HairCardsDefaultMaterial.uexp" 393
"../../../Engine/Plugins/Runtime/AudioWidgets/Content/Resources/ScrubHandleDown_Clamped.uasset" 394
"../../../Engine/Plugins/Runtime/AudioWidgets/Content/Resources/ScrubHandleDown_Clamped.uexp" 395
"../../../Engine/Plugins/Interchange/Assets/Content/Functions/MX_UsdPreviewSurface.uasset" 396
"../../../Engine/Plugins/Interchange/Assets/Content/Functions/MX_UsdPreviewSurface.uexp" 397
"../../../Engine/Plugins/Interchange/Assets/Content/Functions/MX_UniformEDF.uasset" 398
"../../../Engine/Plugins/Interchange/Assets/Content/Functions/MX_UniformEDF.uexp" 399
"../../../Engine/Plugins/Interchange/Assets/Content/Functions/MX_TranslucentBSDF.uasset" 400
"../../../Engine/Plugins/Interchange/Assets/Content/Functions/MX_TranslucentBSDF.uexp" 401
"../../../Engine/Plugins/Interchange/Assets/Content/Functions/MX_ThinFilmBSDF.uasset" 402
"../../../Engine/Plugins/Interchange/Assets/Content/Functions/MX_ThinFilmBSDF.uexp" 403
"../../../Engine/Plugins/Interchange/Assets/Content/Functions/MX_SurfaceUnlit.uasset" 404
"../../../Engine/Plugins/Interchange/Assets/Content/Functions/MX_SurfaceUnlit.uexp" 405
"../../../Engine/Plugins/Interchange/Assets/Content/Functions/MX_Surface.uasset" 406
"../../../Engine/Plugins/Interchange/Assets/Content/Functions/MX_Surface.uexp" 407
"../../../Engine/Plugins/Interchange/Assets/Content/Functions/MX_SubsurfaceBSDF.uasset" 408
"../../../Engine/Plugins/Interchange/Assets/Content/Functions/MX_SubsurfaceBSDF.uexp" 409
"../../../Engine/Plugins/Interchange/Assets/Content/Functions/MX_SheenBSDF.uasset" 410
"../../../Engine/Plugins/Interchange/Assets/Content/Functions/MX_SheenBSDF.uexp" 411
"../../../Engine/Plugins/Interchange/Assets/Content/Functions/MX_OrenNayarBSDF.uasset" 412
"../../../Engine/Plugins/Interchange/Assets/Content/Functions/MX_OrenNayarBSDF.uexp" 413
"../../../Engine/Plugins/Interchange/Assets/Content/Functions/MF_IridescenceNoLUT.uasset" 414
"../../../Engine/Plugins/Interchange/Assets/Content/Functions/MF_IridescenceNoLUT.uexp" 415
"../../../Engine/Plugins/Interchange/Assets/Content/Functions/MX_StandardSurface.uasset" 416
"../../../Engine/Plugins/Interchange/Assets/Content/Functions/MX_StandardSurface.uexp" 417
"../../../Engine/Plugins/Interchange/Assets/Content/Functions/MX_TransmissionSurface.uasset" 418
"../../../Engine/Plugins/Interchange/Assets/Content/Functions/MX_TransmissionSurface.uexp" 419
"../../../Engine/Plugins/Interchange/Assets/Content/Functions/MX_OpenPBR_Translucent.uasset" 420
"../../../Engine/Plugins/Interchange/Assets/Content/Functions/MX_OpenPBR_Translucent.uexp" 421
"../../../Engine/Plugins/Interchange/Assets/Content/Functions/MX_OpenPBR_Opaque.uasset" 422
"../../../Engine/Plugins/Interchange/Assets/Content/Functions/MX_OpenPBR_Opaque.uexp" 423
"../../../Engine/Plugins/Interchange/Assets/Content/Functions/MX_MeasuredEDF.uasset" 424
"../../../Engine/Plugins/Interchange/Assets/Content/Functions/MX_MeasuredEDF.uexp" 425
"../../../Engine/Plugins/Interchange/Assets/Content/Functions/MX_GeneralizedSchlickBSDF.uasset" 426
"../../../Engine/Plugins/Interchange/Assets/Content/Functions/MX_GeneralizedSchlickBSDF.uexp" 427
"../../../Engine/Content/Functions/Engine_MaterialFunctions02/Utility/BlendAngleCorrectedNormals.uasset" 428
"../../../Engine/Content/Functions/Engine_MaterialFunctions02/Utility/BlendAngleCorrectedNormals.uexp" 429
"../../../Engine/Plugins/Interchange/Assets/Content/Functions/MX_Displacement.uasset" 430
"../../../Engine/Plugins/Interchange/Assets/Content/Functions/MX_Displacement.uexp" 431
"../../../Engine/Plugins/Interchange/Assets/Content/Functions/MX_DielectricBSDF.uasset" 432
"../../../Engine/Plugins/Interchange/Assets/Content/Functions/MX_DielectricBSDF.uexp" 433
"../../../Engine/Plugins/Interchange/Assets/Content/Functions/MX_ConicalEDF.uasset" 434
"../../../Engine/Plugins/Interchange/Assets/Content/Functions/MX_ConicalEDF.uexp" 435
"../../../Engine/Plugins/Interchange/Assets/Content/Functions/MX_ConductorBSDF.uasset" 436
"../../../Engine/Plugins/Interchange/Assets/Content/Functions/MX_ConductorBSDF.uexp" 437
"../../../Engine/Plugins/Interchange/Assets/Content/Functions/MX_BurleyDiffuseBSDF.uasset" 438
"../../../Engine/Plugins/Interchange/Assets/Content/Functions/MX_BurleyDiffuseBSDF.uexp" 439
"../../../Engine/Plugins/Interchange/Assets/Content/Functions/MX_AnisotropicVDF.uasset" 440
"../../../Engine/Plugins/Interchange/Assets/Content/Functions/MX_AnisotropicVDF.uexp" 441
"../../../Engine/Plugins/Interchange/Assets/Content/Functions/MX_AbsorptionVDF.uasset" 442
"../../../Engine/Plugins/Interchange/Assets/Content/Functions/MX_AbsorptionVDF.uexp" 443
"../../../Engine/Content/Functions/Engine_MaterialFunctions02/Utility/VectorLength.uasset" 444
"../../../Engine/Content/Functions/Engine_MaterialFunctions02/Utility/VectorLength.uexp" 445
"../../../Engine/Content/Functions/Engine_MaterialFunctions02/Utility/BreakOutFloat3Components.uasset" 446
"../../../Engine/Content/Functions/Engine_MaterialFunctions02/Utility/BreakOutFloat3Components.uexp" 447
"../../../Engine/Content/Functions/Engine_MaterialFunctions02/WorldPositionOffset/ObjectScale.uasset" 448
"../../../Engine/Content/Functions/Engine_MaterialFunctions02/WorldPositionOffset/ObjectScale.uexp" 449
"../../../Engine/Content/Functions/Engine_MaterialFunctions02/SafeNormalize.uasset" 450
"../../../Engine/Content/Functions/Engine_MaterialFunctions02/SafeNormalize.uexp" 451
"../../../Engine/Plugins/Editor/SpeedTreeImporter/Content/SpeedTree9/UnpackInteger3.uasset" 452
"../../../Engine/Plugins/Editor/SpeedTreeImporter/Content/SpeedTree9/UnpackInteger3.uexp" 453
"../../../Engine/Plugins/Editor/SpeedTreeImporter/Content/SpeedTree9/UnpackDirection.uasset" 454
"../../../Engine/Plugins/Editor/SpeedTreeImporter/Content/SpeedTree9/UnpackDirection.uexp" 455
"../../../Engine/Plugins/Editor/SpeedTreeImporter/Content/SpeedTree9/game_wind_noise.ubulk" 456
"../../../Engine/Plugins/Editor/SpeedTreeImporter/Content/SpeedTree9/game_wind_noise.uasset" 457
"../../../Engine/Plugins/Editor/SpeedTreeImporter/Content/SpeedTree9/game_wind_noise.uexp" 458
"../../../Engine/Plugins/Editor/SpeedTreeImporter/Content/SpeedTree9/SpeedTreeWindMotion.uasset" 459
"../../../Engine/Plugins/Editor/SpeedTreeImporter/Content/SpeedTree9/SpeedTreeWindMotion.uexp" 460
"../../../Engine/Plugins/Editor/SpeedTreeImporter/Content/SpeedTree9/SpeedTreeBranchMotion.uasset" 461
"../../../Engine/Plugins/Editor/SpeedTreeImporter/Content/SpeedTree9/SpeedTreeBranchMotion.uexp" 462
"../../../Engine/Content/Functions/Engine_MaterialFunctions02/ObjectLocalBounds.uasset" 463
"../../../Engine/Content/Functions/Engine_MaterialFunctions02/ObjectLocalBounds.uexp" 464
"../../../Engine/Content/Functions/Engine_MaterialFunctions02/UVs/BoundingBoxBased_0-1_UVW.uasset" 465
"../../../Engine/Content/Functions/Engine_MaterialFunctions02/UVs/BoundingBoxBased_0-1_UVW.uexp" 466
"../../../Engine/Plugins/Editor/SpeedTreeImporter/Content/SpeedTree9/SpeedTreeWind.uasset" 467
"../../../Engine/Plugins/Editor/SpeedTreeImporter/Content/SpeedTree9/SpeedTreeWind.uexp" 468
"../../../Engine/Plugins/Editor/SpeedTreeImporter/Content/SpeedTree9/SpeedTreeCameraFacing.uasset" 469
"../../../Engine/Plugins/Editor/SpeedTreeImporter/Content/SpeedTree9/SpeedTreeCameraFacing.uexp" 470
"../../../Engine/Plugins/Editor/SpeedTreeImporter/Content/SpeedTree9/Empty.uasset" 471
"../../../Engine/Plugins/Editor/SpeedTreeImporter/Content/SpeedTree9/Empty.uexp" 472
"../../../Engine/Plugins/Editor/SpeedTreeImporter/Content/SpeedTree9/EmptyNormal.uasset" 473
"../../../Engine/Plugins/Editor/SpeedTreeImporter/Content/SpeedTree9/EmptyNormal.uexp" 474
"../../../Engine/Plugins/Editor/SpeedTreeImporter/Content/SpeedTree9/SpeedTreeMaster.uasset" 475
"../../../Engine/Plugins/Editor/SpeedTreeImporter/Content/SpeedTree9/SpeedTreeMaster.uexp" 476
"../../../Engine/Plugins/Editor/SpeedTreeImporter/Content/SpeedTree9/SpeedTreeBillboard.uasset" 477
"../../../Engine/Plugins/Editor/SpeedTreeImporter/Content/SpeedTree9/SpeedTreeBillboard.uexp" 478
"../../../Engine/Plugins/Editor/SpeedTreeImporter/Content/SpeedTree9/SpeedTreeBillboardMaster.uasset" 479
"../../../Engine/Plugins/Editor/SpeedTreeImporter/Content/SpeedTree9/SpeedTreeBillboardMaster.uexp" 480
"../../../Engine/Plugins/Animation/ControlRig/Content/Controls/ControlRigXRayMaterial.uasset" 481
"../../../Engine/Plugins/Animation/ControlRig/Content/Controls/ControlRigXRayMaterial.uexp" 482
"../../../Engine/Plugins/Animation/ControlRig/Content/Controls/ControlRigGizmoMaterial.uasset" 483
"../../../Engine/Plugins/Animation/ControlRig/Content/Controls/ControlRigGizmoMaterial.uexp" 484
"../../../Engine/Content/EngineResources/FilmGrains/Marcie_Grain_v3_128_M2_000.uasset" 485
"../../../Engine/Content/EngineResources/FilmGrains/Marcie_Grain_v3_128_M2_000.uexp" 486
"../../../Engine/Content/EngineResources/Development/ZenLogo_64.uasset" 487
"../../../Engine/Content/EngineResources/Development/ZenLogo_64.uexp" 488
"../../../Engine/Content/EngineMaterials/LTC/Sheen_LTC.uasset" 489
"../../../Engine/Content/EngineMaterials/LTC/Sheen_LTC.uexp" 490
"../../../Engine/Content/EngineMaterials/LTC/GGX_LTCMat.uasset" 491
"../../../Engine/Content/EngineMaterials/LTC/GGX_LTCMat.uexp" 492
"../../../Engine/Content/EngineMaterials/LTC/GGX_LTCAmp.uasset" 493
"../../../Engine/Content/EngineMaterials/LTC/GGX_LTCAmp.uexp" 494
"../../../Engine/Content/EngineMaterials/EnergyConservation/Sheen_Energy.uasset" 495
"../../../Engine/Content/EngineMaterials/EnergyConservation/Sheen_Energy.uexp" 496
"../../../Engine/Content/EngineMaterials/EnergyConservation/SheenLegacy_Energy.uasset" 497
"../../../Engine/Content/EngineMaterials/EnergyConservation/SheenLegacy_Energy.uexp" 498
"../../../Engine/Content/EngineMaterials/EnergyConservation/GGX_TransmissionEnergyArray.uasset" 499
"../../../Engine/Content/EngineMaterials/EnergyConservation/GGX_TransmissionEnergyArray.uexp" 500
"../../../Engine/Content/EngineMaterials/EnergyConservation/GGX_ReflectionEnergy.uasset" 501
"../../../Engine/Content/EngineMaterials/EnergyConservation/GGX_ReflectionEnergy.uexp" 502
"../../../Engine/Content/EngineMaterials/EnergyConservation/Diffuse_Energy.uasset" 503
"../../../Engine/Content/EngineMaterials/EnergyConservation/Diffuse_Energy.uexp" 504
"../../../Engine/Content/EditorResources/SequenceRecorder/RecordingIndicator.uasset" 505
"../../../Engine/Content/EditorResources/SequenceRecorder/RecordingIndicator.uexp" 506
"../../../Engine/Content/EditorResources/SequenceRecorder/Countdown.uasset" 507
"../../../Engine/Content/EditorResources/SequenceRecorder/Countdown.uexp" 508
"../../../Engine/Content/EditorMaterials/ParticleSystems/PSysThumbnail_OOD.ubulk" 509
"../../../Engine/Content/EditorMaterials/ParticleSystems/PSysThumbnail_OOD.uasset" 510
"../../../Engine/Content/EditorMaterials/ParticleSystems/PSysThumbnail_OOD.uexp" 511
"../../../Engine/Content/EditorMaterials/ParticleSystems/PSysThumbnail_NoImage.ubulk" 512
"../../../Engine/Content/EditorMaterials/ParticleSystems/PSysThumbnail_NoImage.uasset" 513
"../../../Engine/Content/EditorMaterials/ParticleSystems/PSysThumbnail_NoImage.uexp" 514
"../../../Engine/Content/EditorMaterials/Dataflow/DataflowVertexMaterial.uasset" 515
"../../../Engine/Content/EditorMaterials/Dataflow/DataflowVertexMaterial.uexp" 516
"../../../Engine/Content/EditorMaterials/Dataflow/DataflowTwoSidedVertexMaterial.uasset" 517
"../../../Engine/Content/EditorMaterials/Dataflow/DataflowTwoSidedVertexMaterial.uexp" 518
"../../../Engine/Content/Functions/Engine_MaterialFunctions01/Shading/PowerToRoughness.uasset" 519
"../../../Engine/Content/Functions/Engine_MaterialFunctions01/Shading/PowerToRoughness.uexp" 520
"../../../Engine/Content/Functions/Engine_MaterialFunctions01/Shading/ConvertFromDiffSpec.uasset" 521
"../../../Engine/Content/Functions/Engine_MaterialFunctions01/Shading/ConvertFromDiffSpec.uexp" 522
"../../../Engine/Content/EngineMeshes/Sphere.ubulk" 523
"../../../Engine/Content/EngineMeshes/Sphere.uasset" 524
"../../../Engine/Content/EngineMeshes/Sphere.uexp" 525
"../../../Engine/Plugins/2D/Paper2D/Content/DefaultSpriteMaterial.uasset" 526
"../../../Engine/Plugins/2D/Paper2D/Content/DefaultSpriteMaterial.uexp" 527
"../../../Engine/Plugins/2D/Paper2D/Content/OpaqueUnlitSpriteMaterial.uasset" 528
"../../../Engine/Plugins/2D/Paper2D/Content/OpaqueUnlitSpriteMaterial.uexp" 529
"../../../Engine/Plugins/2D/Paper2D/Content/MaskedUnlitSpriteMaterial.uasset" 530
"../../../Engine/Plugins/2D/Paper2D/Content/MaskedUnlitSpriteMaterial.uexp" 531
"../../../Engine/Plugins/NNE/NNEDenoiser/Content/NNE_oidn2-3-0_rt_hdr_calb_cnrm_large__dyn__fp16_opset11_ForwardAlpha.uasset" 532
"../../../Engine/Plugins/NNE/NNEDenoiser/Content/NNE_oidn2-3-0_rt_hdr_calb_cnrm_large__dyn__fp16_opset11_ForwardAlpha.uexp" 533
"../../../Engine/Plugins/NNE/NNEDenoiser/Content/NNE_oidn2-3-0_rt_hdr_calb_cnrm_large__dyn__fp16_opset11_DenoiseAlpha.uasset" 534
"../../../Engine/Plugins/NNE/NNEDenoiser/Content/NNE_oidn2-3-0_rt_hdr_calb_cnrm_large__dyn__fp16_opset11_DenoiseAlpha.uexp" 535
"../../../Engine/Plugins/NNE/NNEDenoiser/Content/NNE_oidn2-3-0_rt_hdr_alb_nrm__dyn__fp16_opset11_ForwardAlpha.uasset" 536
"../../../Engine/Plugins/NNE/NNEDenoiser/Content/NNE_oidn2-3-0_rt_hdr_alb_nrm__dyn__fp16_opset11_ForwardAlpha.uexp" 537
"../../../Engine/Plugins/NNE/NNEDenoiser/Content/NNE_oidn2-3-0_rt_hdr_alb_nrm__dyn__fp16_opset11_DenoiseAlpha.uasset" 538
"../../../Engine/Plugins/NNE/NNEDenoiser/Content/NNE_oidn2-3-0_rt_hdr_alb_nrm__dyn__fp16_opset11_DenoiseAlpha.uexp" 539
"../../../Engine/Plugins/NNE/NNEDenoiser/Content/NNE_oidn2-3-0_rt_hdr_alb_nrm_small__dyn__fp16_opset11_ForwardAlpha.uasset" 540
"../../../Engine/Plugins/NNE/NNEDenoiser/Content/NNE_oidn2-3-0_rt_hdr_alb_nrm_small__dyn__fp16_opset11_ForwardAlpha.uexp" 541
"../../../Engine/Plugins/NNE/NNEDenoiser/Content/NNE_oidn2-3-0_rt_hdr_alb_nrm_small__dyn__fp16_opset11_DenoiseAlpha.uasset" 542
"../../../Engine/Plugins/NNE/NNEDenoiser/Content/NNE_oidn2-3-0_rt_hdr_alb_nrm_small__dyn__fp16_opset11_DenoiseAlpha.uexp" 543
"../../../Engine/Content/EngineMaterials/T_Default_Material_Grid_M.ubulk" 544
"../../../Engine/Content/EngineMaterials/T_Default_Material_Grid_M.uasset" 545
"../../../Engine/Content/EngineMaterials/T_Default_Material_Grid_M.uexp" 546
"../../../Engine/Content/EngineMaterials/T_Default_Material_Grid_N.ubulk" 547
"../../../Engine/Content/EngineMaterials/T_Default_Material_Grid_N.uasset" 548
"../../../Engine/Content/EngineMaterials/T_Default_Material_Grid_N.uexp" 549
"../../../Engine/Content/EngineMaterials/WorldGridMaterial.uasset" 550
"../../../Engine/Content/EngineMaterials/WorldGridMaterial.uexp" 551
"../../../Engine/Plugins/Media/MediaPlate/Content/SM_MediaPlateScreen.ubulk" 552
"../../../Engine/Plugins/Media/MediaPlate/Content/SM_MediaPlateScreen.uasset" 553
"../../../Engine/Plugins/Media/MediaPlate/Content/SM_MediaPlateScreen.uexp" 554
"../../../Engine/Content/EditorLandscapeResources/SplineEditorMeshMat.uasset" 555
"../../../Engine/Content/EditorLandscapeResources/SplineEditorMeshMat.uexp" 556
"../../../Engine/Content/EditorLandscapeResources/SplineEditorMesh.ubulk" 557
"../../../Engine/Content/EditorLandscapeResources/SplineEditorMesh.uasset" 558
"../../../Engine/Content/EditorLandscapeResources/SplineEditorMesh.uexp" 559
"../../../Engine/Content/Functions/Engine_MaterialFunctions03/Math/WithinRangeFloat2.uasset" 560
"../../../Engine/Content/Functions/Engine_MaterialFunctions03/Math/WithinRangeFloat2.uexp" 561
"../../../Engine/Content/EditorLandscapeResources/SelectBrushMaterial.uasset" 562
"../../../Engine/Content/EditorLandscapeResources/SelectBrushMaterial.uexp" 563
"../../../Engine/Content/EditorLandscapeResources/SelectBrushMaterial_SelectedRegion.uasset" 564
"../../../Engine/Content/EditorLandscapeResources/SelectBrushMaterial_SelectedRegion.uexp" 565
"../../../Engine/Content/EditorLandscapeResources/SelectBrushMaterial_Selected.uasset" 566
"../../../Engine/Content/EditorLandscapeResources/SelectBrushMaterial_Selected.uexp" 567
"../../../Engine/Content/EditorLandscapeResources/MaskBrushMaterial.uasset" 568
"../../../Engine/Content/EditorLandscapeResources/MaskBrushMaterial.uexp" 569
"../../../Engine/Content/EditorLandscapeResources/MaskBrushMaterial_MaskedRegion.uasset" 570
"../../../Engine/Content/EditorLandscapeResources/MaskBrushMaterial_MaskedRegion.uexp" 571
"../../../Engine/Content/EditorLandscapeResources/ColorMaskBrushMaterial.uasset" 572
"../../../Engine/Content/EditorLandscapeResources/ColorMaskBrushMaterial.uexp" 573
"../../../Engine/Content/EditorLandscapeResources/ColorMaskBrushMaterial_MaskedRegion.uasset" 574
"../../../Engine/Content/EditorLandscapeResources/ColorMaskBrushMaterial_MaskedRegion.uexp" 575
"../../../Engine/Content/EngineMaterials/DefaultMaterial.uasset" 576
"../../../Engine/Content/EngineMaterials/DefaultMaterial.uexp" 577
"../../../Engine/Content/BasicShapes/Sphere.ubulk" 578
"../../../Engine/Content/BasicShapes/Sphere.uasset" 579
"../../../Engine/Content/BasicShapes/Sphere.uexp" 580
"../../../Engine/Content/BasicShapes/Plane.ubulk" 581
"../../../Engine/Content/BasicShapes/Plane.uasset" 582
"../../../Engine/Content/BasicShapes/Plane.uexp" 583
"../../../Engine/Content/BasicShapes/Cylinder.ubulk" 584
"../../../Engine/Content/BasicShapes/Cylinder.uasset" 585
"../../../Engine/Content/BasicShapes/Cylinder.uexp" 586
"../../../Engine/Content/BasicShapes/Cube.ubulk" 587
"../../../Engine/Content/BasicShapes/Cube.uasset" 588
"../../../Engine/Content/BasicShapes/Cube.uexp" 589
"../../../Engine/Content/BasicShapes/Cone.ubulk" 590
"../../../Engine/Content/BasicShapes/Cone.uasset" 591
"../../../Engine/Content/BasicShapes/Cone.uexp" 592
"../../../Engine/Content/EngineResources/WhiteSquareTexture.uasset" 593
"../../../Engine/Content/EngineResources/WhiteSquareTexture.uexp" 594
"../../../Engine/Content/EngineMaterials/Widget3DPassThrough.uasset" 595
"../../../Engine/Content/EngineMaterials/Widget3DPassThrough.uexp" 596
"../../../Engine/Content/EngineMaterials/Widget3DPassThrough_Translucent.uasset" 597
"../../../Engine/Content/EngineMaterials/Widget3DPassThrough_Translucent.uexp" 598
"../../../Engine/Content/EngineMaterials/Widget3DPassThrough_Translucent_OneSided.uasset" 599
"../../../Engine/Content/EngineMaterials/Widget3DPassThrough_Translucent_OneSided.uexp" 600
"../../../Engine/Content/EngineMaterials/Widget3DPassThrough_Opaque.uasset" 601
"../../../Engine/Content/EngineMaterials/Widget3DPassThrough_Opaque.uexp" 602
"../../../Engine/Content/EngineMaterials/Widget3DPassThrough_Opaque_OneSided.uasset" 603
"../../../Engine/Content/EngineMaterials/Widget3DPassThrough_Opaque_OneSided.uexp" 604
"../../../Engine/Content/EngineMaterials/Widget3DPassThrough_Masked_OneSided.uasset" 605
"../../../Engine/Content/EngineMaterials/Widget3DPassThrough_Masked_OneSided.uexp" 606
"../../../Engine/Content/EngineMaterials/Widget3DPassThrough_Masked.uasset" 607
"../../../Engine/Content/EngineMaterials/Widget3DPassThrough_Masked.uexp" 608
"../../../Engine/Content/EngineMaterials/WeightMapPlaceholderTexture.uasset" 609
"../../../Engine/Content/EngineMaterials/WeightMapPlaceholderTexture.uexp" 610
"../../../Engine/Content/EngineMaterials/WeightMapArrayPlaceholderTexture.uasset" 611
"../../../Engine/Content/EngineMaterials/WeightMapArrayPlaceholderTexture.uexp" 612
"../../../Engine/Plugins/Interchange/Assets/Content/gltf/Textures/T_White_srgb.uasset" 613
"../../../Engine/Plugins/Interchange/Assets/Content/gltf/Textures/T_White_srgb.uexp" 614
"../../../Engine/Plugins/Interchange/Assets/Content/gltf/MaterialFunctions/MF_BaseColor.uasset" 615
"../../../Engine/Plugins/Interchange/Assets/Content/gltf/MaterialFunctions/MF_BaseColor.uexp" 616
"../../../Engine/Plugins/Interchange/Assets/Content/gltf/MaterialFunctions/MF_RotateV2.uasset" 617
"../../../Engine/Plugins/Interchange/Assets/Content/gltf/MaterialFunctions/MF_RotateV2.uexp" 618
"../../../Engine/Plugins/Interchange/Assets/Content/gltf/MaterialFunctions/MF_TransformUVs.uasset" 619
"../../../Engine/Plugins/Interchange/Assets/Content/gltf/MaterialFunctions/MF_TransformUVs.uexp" 620
"../../../Engine/Plugins/Interchange/Assets/Content/gltf/MaterialBodies/MF_Unlit_Body.uasset" 621
"../../../Engine/Plugins/Interchange/Assets/Content/gltf/MaterialBodies/MF_Unlit_Body.uexp" 622
"../../../Engine/Plugins/Interchange/Assets/Content/gltf/M_Unlit.uasset" 623
"../../../Engine/Plugins/Interchange/Assets/Content/gltf/M_Unlit.uexp" 624
"../../../Engine/Plugins/Interchange/Assets/Content/gltf/MaterialInstances/MI_Unlit_Opaque_DS.uasset" 625
"../../../Engine/Plugins/Interchange/Assets/Content/gltf/MaterialInstances/MI_Unlit_Opaque_DS.uexp" 626
"../../../Engine/Plugins/Interchange/Assets/Content/gltf/MaterialInstances/MI_Unlit_Opaque.uasset" 627
"../../../Engine/Plugins/Interchange/Assets/Content/gltf/MaterialInstances/MI_Unlit_Opaque.uexp" 628
"../../../Engine/Plugins/Interchange/Assets/Content/gltf/MaterialInstances/MI_Unlit_Mask_DS.uasset" 629
"../../../Engine/Plugins/Interchange/Assets/Content/gltf/MaterialInstances/MI_Unlit_Mask_DS.uexp" 630
"../../../Engine/Plugins/Interchange/Assets/Content/gltf/MaterialInstances/MI_Unlit_Mask.uasset" 631
"../../../Engine/Plugins/Interchange/Assets/Content/gltf/MaterialInstances/MI_Unlit_Mask.uexp" 632
"../../../Engine/Plugins/Interchange/Assets/Content/gltf/MaterialInstances/MI_Unlit_Blend_DS.uasset" 633
"../../../Engine/Plugins/Interchange/Assets/Content/gltf/MaterialInstances/MI_Unlit_Blend_DS.uexp" 634
"../../../Engine/Plugins/Interchange/Assets/Content/gltf/MaterialInstances/MI_Unlit_Blend.uasset" 635
"../../../Engine/Plugins/Interchange/Assets/Content/gltf/MaterialInstances/MI_Unlit_Blend.uexp" 636
"../../../Engine/Content/EngineMaterials/Good64x64TilingNoiseHighFreq.uasset" 637
"../../../Engine/Content/EngineMaterials/Good64x64TilingNoiseHighFreq.uexp" 638
"../../../Engine/Content/Functions/Engine_MaterialFunctions02/Texturing/ScreenAlignedPixelToPixelUVs.uasset" 639
"../../../Engine/Content/Functions/Engine_MaterialFunctions02/Texturing/ScreenAlignedPixelToPixelUVs.uexp" 640
"../../../Engine/Plugins/Interchange/Assets/Content/Utilities/New_LUT.uasset" 641
"../../../Engine/Plugins/Interchange/Assets/Content/Utilities/New_LUT.uexp" 642
"../../../Engine/Content/Functions/Engine_MaterialFunctions03/Math/RemapValueRange.uasset" 643
"../../../Engine/Content/Functions/Engine_MaterialFunctions03/Math/RemapValueRange.uexp" 644
"../../../Engine/Plugins/Interchange/Assets/Content/Functions/MF_Iridescence.uasset" 645
"../../../Engine/Plugins/Interchange/Assets/Content/Functions/MF_Iridescence.uexp" 646
"../../../Engine/Plugins/Interchange/Assets/Content/gltf/MaterialFunctions/MF_Fresnel_DS.uasset" 647
"../../../Engine/Plugins/Interchange/Assets/Content/gltf/MaterialFunctions/MF_Fresnel_DS.uexp" 648
"../../../Engine/Plugins/Interchange/Assets/Content/gltf/MaterialFunctions/MF_IOR.uasset" 649
"../../../Engine/Plugins/Interchange/Assets/Content/gltf/MaterialFunctions/MF_IOR.uexp" 650
"../../../Engine/Plugins/Interchange/Assets/Content/gltf/MaterialFunctions/MF_Iridescence.uasset" 651
"../../../Engine/Plugins/Interchange/Assets/Content/gltf/MaterialFunctions/MF_Iridescence.uexp" 652
"../../../Engine/Plugins/Interchange/Assets/Content/gltf/Textures/T_White_Linear.uasset" 653
"../../../Engine/Plugins/Interchange/Assets/Content/gltf/Textures/T_White_Linear.uexp" 654
"../../../Engine/Plugins/Interchange/Assets/Content/gltf/MaterialFunctions/MF_MetallicRoughness.uasset" 655
"../../../Engine/Plugins/Interchange/Assets/Content/gltf/MaterialFunctions/MF_MetallicRoughness.uexp" 656
"../../../Engine/Content/Functions/Engine_MaterialFunctions02/Math/Transform3x3Matrix.uasset" 657
"../../../Engine/Content/Functions/Engine_MaterialFunctions02/Math/Transform3x3Matrix.uexp" 658
"../../../Engine/Plugins/Interchange/Assets/Content/gltf/MaterialFunctions/MF_RotateNormals_TS.uasset" 659
"../../../Engine/Plugins/Interchange/Assets/Content/gltf/MaterialFunctions/MF_RotateNormals_TS.uexp" 660
"../../../Engine/Plugins/Interchange/Assets/Content/gltf/MaterialFunctions/MF_ScaleNormal.uasset" 661
"../../../Engine/Plugins/Interchange/Assets/Content/gltf/MaterialFunctions/MF_ScaleNormal.uexp" 662
"../../../Engine/Plugins/Interchange/Assets/Content/gltf/Textures/T_Generic_N.uasset" 663
"../../../Engine/Plugins/Interchange/Assets/Content/gltf/Textures/T_Generic_N.uexp" 664
"../../../Engine/Plugins/Interchange/Assets/Content/gltf/MaterialFunctions/MF_Normals.uasset" 665
"../../../Engine/Plugins/Interchange/Assets/Content/gltf/MaterialFunctions/MF_Normals.uexp" 666
"../../../Engine/Plugins/Interchange/Assets/Content/gltf/MaterialFunctions/MF_Occlusion.uasset" 667
"../../../Engine/Plugins/Interchange/Assets/Content/gltf/MaterialFunctions/MF_Occlusion.uexp" 668
"../../../Engine/Plugins/Interchange/Assets/Content/gltf/MaterialFunctions/MF_Specular.uasset" 669
"../../../Engine/Plugins/Interchange/Assets/Content/gltf/MaterialFunctions/MF_Specular.uexp" 670
"../../../Engine/Plugins/Interchange/Assets/Content/gltf/Textures/T_Anisotropy_Direction_Linear.uasset" 671
"../../../Engine/Plugins/Interchange/Assets/Content/gltf/Textures/T_Anisotropy_Direction_Linear.uexp" 672
"../../../Engine/Plugins/Interchange/Assets/Content/gltf/MaterialFunctions/MF_SpecularAnisotropy.uasset" 673
"../../../Engine/Plugins/Interchange/Assets/Content/gltf/MaterialFunctions/MF_SpecularAnisotropy.uexp" 674
"../../../Engine/Plugins/Interchange/Assets/Content/gltf/MaterialFunctions/MF_Temporal_Blur.uasset" 675
"../../../Engine/Plugins/Interchange/Assets/Content/gltf/MaterialFunctions/MF_Temporal_Blur.uexp" 676
"../../../Engine/Plugins/Interchange/Assets/Content/gltf/MaterialFunctions/MF_Transmission.uasset" 677
"../../../Engine/Plugins/Interchange/Assets/Content/gltf/MaterialFunctions/MF_Transmission.uexp" 678
"../../../Engine/Plugins/Interchange/Assets/Content/gltf/MaterialBodies/MF_Transmission_Body.uasset" 679
"../../../Engine/Plugins/Interchange/Assets/Content/gltf/MaterialBodies/MF_Transmission_Body.uexp" 680
"../../../Engine/Plugins/Interchange/Assets/Content/gltf/M_Transmission.uasset" 681
"../../../Engine/Plugins/Interchange/Assets/Content/gltf/M_Transmission.uexp" 682
"../../../Engine/Plugins/Interchange/Assets/Content/gltf/MaterialInstances/MI_Transmission_DS.uasset" 683
"../../../Engine/Plugins/Interchange/Assets/Content/gltf/MaterialInstances/MI_Transmission_DS.uexp" 684
"../../../Engine/Plugins/Interchange/Assets/Content/gltf/MaterialInstances/MI_Transmission.uasset" 685
"../../../Engine/Plugins/Interchange/Assets/Content/gltf/MaterialInstances/MI_Transmission.uexp" 686
"../../../Engine/Content/Functions/Engine_MaterialFunctions02/Math/AddComponents.uasset" 687
"../../../Engine/Content/Functions/Engine_MaterialFunctions02/Math/AddComponents.uexp" 688
"../../../Engine/Plugins/Interchange/Assets/Content/gltf/MaterialFunctions/MF_DiffuseSpecGloss.uasset" 689
"../../../Engine/Plugins/Interchange/Assets/Content/gltf/MaterialFunctions/MF_DiffuseSpecGloss.uexp" 690
"../../../Engine/Plugins/Interchange/Assets/Content/gltf/MaterialFunctions/MF_Emissive.uasset" 691
"../../../Engine/Plugins/Interchange/Assets/Content/gltf/MaterialFunctions/MF_Emissive.uexp" 692
"../../../Engine/Plugins/Interchange/Assets/Content/gltf/MaterialFunctions/MF_MaxComponentValue.uasset" 693
"../../../Engine/Plugins/Interchange/Assets/Content/gltf/MaterialFunctions/MF_MaxComponentValue.uexp" 694
"../../../Engine/Plugins/Interchange/Assets/Content/gltf/MaterialFunctions/MF_PerceivedBrightness.uasset" 695
"../../../Engine/Plugins/Interchange/Assets/Content/gltf/MaterialFunctions/MF_PerceivedBrightness.uexp" 696
"../../../Engine/Plugins/Interchange/Assets/Content/gltf/MaterialFunctions/MF_SpecGlossToMetalRoughness.uasset" 697
"../../../Engine/Plugins/Interchange/Assets/Content/gltf/MaterialFunctions/MF_SpecGlossToMetalRoughness.uexp" 698
"../../../Engine/Plugins/Interchange/Assets/Content/gltf/MaterialBodies/MF_SpecularGlossiness_Body.uasset" 699
"../../../Engine/Plugins/Interchange/Assets/Content/gltf/MaterialBodies/MF_SpecularGlossiness_Body.uexp" 700
"../../../Engine/Plugins/Interchange/Assets/Content/gltf/M_SpecularGlossiness.uasset" 701
"../../../Engine/Plugins/Interchange/Assets/Content/gltf/M_SpecularGlossiness.uexp" 702
"../../../Engine/Plugins/Interchange/Assets/Content/gltf/MaterialInstances/MI_SpecularGlossiness_Opaque_DS.uasset" 703
"../../../Engine/Plugins/Interchange/Assets/Content/gltf/MaterialInstances/MI_SpecularGlossiness_Opaque_DS.uexp" 704
"../../../Engine/Plugins/Interchange/Assets/Content/gltf/MaterialInstances/MI_SpecularGlossiness_Opaque.uasset" 705
"../../../Engine/Plugins/Interchange/Assets/Content/gltf/MaterialInstances/MI_SpecularGlossiness_Opaque.uexp" 706
"../../../Engine/Plugins/Interchange/Assets/Content/gltf/MaterialInstances/MI_SpecularGlossiness_Mask_DS.uasset" 707
"../../../Engine/Plugins/Interchange/Assets/Content/gltf/MaterialInstances/MI_SpecularGlossiness_Mask_DS.uexp" 708
"../../../Engine/Plugins/Interchange/Assets/Content/gltf/MaterialInstances/MI_SpecularGlossiness_Mask.uasset" 709
"../../../Engine/Plugins/Interchange/Assets/Content/gltf/MaterialInstances/MI_SpecularGlossiness_Mask.uexp" 710
"../../../Engine/Plugins/Interchange/Assets/Content/gltf/MaterialInstances/MI_SpecularGlossiness_Blend_DS.uasset" 711
"../../../Engine/Plugins/Interchange/Assets/Content/gltf/MaterialInstances/MI_SpecularGlossiness_Blend_DS.uexp" 712
"../../../Engine/Plugins/Interchange/Assets/Content/gltf/MaterialInstances/MI_SpecularGlossiness_Blend.uasset" 713
"../../../Engine/Plugins/Interchange/Assets/Content/gltf/MaterialInstances/MI_SpecularGlossiness_Blend.uexp" 714
"../../../Engine/Plugins/Interchange/Assets/Content/gltf/MaterialFunctions/MF_Sheen.uasset" 715
"../../../Engine/Plugins/Interchange/Assets/Content/gltf/MaterialFunctions/MF_Sheen.uexp" 716
"../../../Engine/Plugins/Interchange/Assets/Content/gltf/MaterialBodies/MF_Sheen_Body.uasset" 717
"../../../Engine/Plugins/Interchange/Assets/Content/gltf/MaterialBodies/MF_Sheen_Body.uexp" 718
"../../../Engine/Plugins/Interchange/Assets/Content/gltf/M_Sheen.uasset" 719
"../../../Engine/Plugins/Interchange/Assets/Content/gltf/M_Sheen.uexp" 720
"../../../Engine/Plugins/Interchange/Assets/Content/gltf/MaterialInstances/MI_Sheen_Opaque_DS.uasset" 721
"../../../Engine/Plugins/Interchange/Assets/Content/gltf/MaterialInstances/MI_Sheen_Opaque_DS.uexp" 722
"../../../Engine/Plugins/Interchange/Assets/Content/gltf/MaterialInstances/MI_Sheen_Opaque.uasset" 723
"../../../Engine/Plugins/Interchange/Assets/Content/gltf/MaterialInstances/MI_Sheen_Opaque.uexp" 724
"../../../Engine/Plugins/Interchange/Assets/Content/gltf/MaterialInstances/MI_Sheen_Mask_DS.uasset" 725
"../../../Engine/Plugins/Interchange/Assets/Content/gltf/MaterialInstances/MI_Sheen_Mask_DS.uexp" 726
"../../../Engine/Plugins/Interchange/Assets/Content/gltf/MaterialInstances/MI_Sheen_Mask.uasset" 727
"../../../Engine/Plugins/Interchange/Assets/Content/gltf/MaterialInstances/MI_Sheen_Mask.uexp" 728
"../../../Engine/Plugins/Interchange/Assets/Content/gltf/MaterialInstances/MI_Sheen_Blend_DS.uasset" 729
"../../../Engine/Plugins/Interchange/Assets/Content/gltf/MaterialInstances/MI_Sheen_Blend_DS.uexp" 730
"../../../Engine/Plugins/Interchange/Assets/Content/gltf/MaterialInstances/MI_Sheen_Blend.uasset" 731
"../../../Engine/Plugins/Interchange/Assets/Content/gltf/MaterialInstances/MI_Sheen_Blend.uexp" 732
"../../../Engine/Plugins/Interchange/Assets/Content/gltf/MaterialBodies/MF_Default_Body.uasset" 733
"../../../Engine/Plugins/Interchange/Assets/Content/gltf/MaterialBodies/MF_Default_Body.uexp" 734
"../../../Engine/Plugins/Interchange/Assets/Content/gltf/M_Default.uasset" 735
"../../../Engine/Plugins/Interchange/Assets/Content/gltf/M_Default.uexp" 736
"../../../Engine/Plugins/Interchange/Assets/Content/gltf/MaterialInstances/MI_Default_Mask_DS.uasset" 737
"../../../Engine/Plugins/Interchange/Assets/Content/gltf/MaterialInstances/MI_Default_Mask_DS.uexp" 738
"../../../Engine/Plugins/Interchange/Assets/Content/gltf/MaterialInstances/MI_Default_Mask.uasset" 739
"../../../Engine/Plugins/Interchange/Assets/Content/gltf/MaterialInstances/MI_Default_Mask.uexp" 740
"../../../Engine/Plugins/Interchange/Assets/Content/gltf/MaterialInstances/MI_Default_Blend_DS.uasset" 741
"../../../Engine/Plugins/Interchange/Assets/Content/gltf/MaterialInstances/MI_Default_Blend_DS.uexp" 742
"../../../Engine/Plugins/Interchange/Assets/Content/gltf/MaterialInstances/MI_Default_Blend.uasset" 743
"../../../Engine/Plugins/Interchange/Assets/Content/gltf/MaterialInstances/MI_Default_Blend.uexp" 744
"../../../Engine/Content/Functions/Engine_MaterialFunctions01/Texturing/FlattenNormal.uasset" 745
"../../../Engine/Content/Functions/Engine_MaterialFunctions01/Texturing/FlattenNormal.uexp" 746
"../../../Engine/Plugins/Interchange/Assets/Content/gltf/MaterialFunctions/MF_Clearcoat.uasset" 747
"../../../Engine/Plugins/Interchange/Assets/Content/gltf/MaterialFunctions/MF_Clearcoat.uexp" 748
"../../../Engine/Plugins/Interchange/Assets/Content/gltf/MaterialBodies/MF_ClearCoat_Body.uasset" 749
"../../../Engine/Plugins/Interchange/Assets/Content/gltf/MaterialBodies/MF_ClearCoat_Body.uexp" 750
"../../../Engine/Plugins/Interchange/Assets/Content/gltf/M_ClearCoat.uasset" 751
"../../../Engine/Plugins/Interchange/Assets/Content/gltf/M_ClearCoat.uexp" 752
"../../../Engine/Plugins/Interchange/Assets/Content/gltf/MaterialInstances/MI_ClearCoat_Opaque_DS.uasset" 753
"../../../Engine/Plugins/Interchange/Assets/Content/gltf/MaterialInstances/MI_ClearCoat_Opaque_DS.uexp" 754
"../../../Engine/Plugins/Interchange/Assets/Content/gltf/MaterialInstances/MI_ClearCoat_Opaque.uasset" 755
"../../../Engine/Plugins/Interchange/Assets/Content/gltf/MaterialInstances/MI_ClearCoat_Opaque.uexp" 756
"../../../Engine/Plugins/Interchange/Assets/Content/gltf/MaterialInstances/MI_ClearCoat_Mask_DS.uasset" 757
"../../../Engine/Plugins/Interchange/Assets/Content/gltf/MaterialInstances/MI_ClearCoat_Mask_DS.uexp" 758
"../../../Engine/Plugins/Interchange/Assets/Content/gltf/MaterialInstances/MI_ClearCoat_Mask.uasset" 759
"../../../Engine/Plugins/Interchange/Assets/Content/gltf/MaterialInstances/MI_ClearCoat_Mask.uexp" 760
"../../../Engine/Plugins/Interchange/Assets/Content/gltf/MaterialInstances/MI_ClearCoat_Blend_DS.uasset" 761
"../../../Engine/Plugins/Interchange/Assets/Content/gltf/MaterialInstances/MI_ClearCoat_Blend_DS.uexp" 762
"../../../Engine/Plugins/Interchange/Assets/Content/gltf/MaterialInstances/MI_ClearCoat_Blend.uasset" 763
"../../../Engine/Plugins/Interchange/Assets/Content/gltf/MaterialInstances/MI_ClearCoat_Blend.uexp" 764
"../../../Engine/Plugins/Animation/ControlRig/Content/Controls/ControlRig_Wedge_solid.ubulk" 765
"../../../Engine/Plugins/Animation/ControlRig/Content/Controls/ControlRig_Wedge_solid.uasset" 766
"../../../Engine/Plugins/Animation/ControlRig/Content/Controls/ControlRig_Wedge_solid.uexp" 767
"../../../Engine/Plugins/Animation/ControlRig/Content/Controls/ControlRig_Wedge_3mm.ubulk" 768
"../../../Engine/Plugins/Animation/ControlRig/Content/Controls/ControlRig_Wedge_3mm.uasset" 769
"../../../Engine/Plugins/Animation/ControlRig/Content/Controls/ControlRig_Wedge_3mm.uexp" 770
"../../../Engine/Plugins/Animation/ControlRig/Content/Controls/ControlRig_Wedge_1mm.ubulk" 771
"../../../Engine/Plugins/Animation/ControlRig/Content/Controls/ControlRig_Wedge_1mm.uasset" 772
"../../../Engine/Plugins/Animation/ControlRig/Content/Controls/ControlRig_Wedge_1mm.uexp" 773
"../../../Engine/Plugins/Animation/ControlRig/Content/Controls/ControlRig_Triangle_solid.ubulk" 774
"../../../Engine/Plugins/Animation/ControlRig/Content/Controls/ControlRig_Triangle_solid.uasset" 775
"../../../Engine/Plugins/Animation/ControlRig/Content/Controls/ControlRig_Triangle_solid.uexp" 776
"../../../Engine/Plugins/Animation/ControlRig/Content/Controls/ControlRig_Triangle_3mm.ubulk" 777
"../../../Engine/Plugins/Animation/ControlRig/Content/Controls/ControlRig_Triangle_3mm.uasset" 778
"../../../Engine/Plugins/Animation/ControlRig/Content/Controls/ControlRig_Triangle_3mm.uexp" 779
"../../../Engine/Plugins/Animation/ControlRig/Content/Controls/ControlRig_Triangle_1mm.ubulk" 780
"../../../Engine/Plugins/Animation/ControlRig/Content/Controls/ControlRig_Triangle_1mm.uasset" 781
"../../../Engine/Plugins/Animation/ControlRig/Content/Controls/ControlRig_Triangle_1mm.uexp" 782
"../../../Engine/Plugins/Animation/ControlRig/Content/Controls/ControlRig_Star4_solid.ubulk" 783
"../../../Engine/Plugins/Animation/ControlRig/Content/Controls/ControlRig_Star4_solid.uasset" 784
"../../../Engine/Plugins/Animation/ControlRig/Content/Controls/ControlRig_Star4_solid.uexp" 785
"../../../Engine/Plugins/Animation/ControlRig/Content/Controls/ControlRig_Star4_3mm.ubulk" 786
"../../../Engine/Plugins/Animation/ControlRig/Content/Controls/ControlRig_Star4_3mm.uasset" 787
"../../../Engine/Plugins/Animation/ControlRig/Content/Controls/ControlRig_Star4_3mm.uexp" 788
"../../../Engine/Plugins/Animation/ControlRig/Content/Controls/ControlRig_Star4_1mm.ubulk" 789
"../../../Engine/Plugins/Animation/ControlRig/Content/Controls/ControlRig_Star4_1mm.uasset" 790
"../../../Engine/Plugins/Animation/ControlRig/Content/Controls/ControlRig_Star4_1mm.uexp" 791
"../../../Engine/Plugins/Animation/ControlRig/Content/Controls/ControlRig_Square_solid.ubulk" 792
"../../../Engine/Plugins/Animation/ControlRig/Content/Controls/ControlRig_Square_solid.uasset" 793
"../../../Engine/Plugins/Animation/ControlRig/Content/Controls/ControlRig_Square_solid.uexp" 794
"../../../Engine/Plugins/Animation/ControlRig/Content/Controls/ControlRig_Square_3mm.ubulk" 795
"../../../Engine/Plugins/Animation/ControlRig/Content/Controls/ControlRig_Square_3mm.uasset" 796
"../../../Engine/Plugins/Animation/ControlRig/Content/Controls/ControlRig_Square_3mm.uexp" 797
"../../../Engine/Plugins/Animation/ControlRig/Content/Controls/ControlRig_Square_1mm.ubulk" 798
"../../../Engine/Plugins/Animation/ControlRig/Content/Controls/ControlRig_Square_1mm.uasset" 799
"../../../Engine/Plugins/Animation/ControlRig/Content/Controls/ControlRig_Square_1mm.uexp" 800
"../../../Engine/Plugins/Animation/ControlRig/Content/Controls/ControlRig_Sphere_solid.ubulk" 801
"../../../Engine/Plugins/Animation/ControlRig/Content/Controls/ControlRig_Sphere_solid.uasset" 802
"../../../Engine/Plugins/Animation/ControlRig/Content/Controls/ControlRig_Sphere_solid.uexp" 803
"../../../Engine/Plugins/Animation/ControlRig/Content/Controls/ControlRig_Sphere_3mm.ubulk" 804
"../../../Engine/Plugins/Animation/ControlRig/Content/Controls/ControlRig_Sphere_3mm.uasset" 805
"../../../Engine/Plugins/Animation/ControlRig/Content/Controls/ControlRig_Sphere_3mm.uexp" 806
"../../../Engine/Plugins/Animation/ControlRig/Content/Controls/ControlRig_Sphere_1mm.ubulk" 807
"../../../Engine/Plugins/Animation/ControlRig/Content/Controls/ControlRig_Sphere_1mm.uasset" 808
"../../../Engine/Plugins/Animation/ControlRig/Content/Controls/ControlRig_Sphere_1mm.uexp" 809
"../../../Engine/Plugins/Animation/ControlRig/Content/Controls/ControlRig_RoundedTriangle_solid.ubulk" 810
"../../../Engine/Plugins/Animation/ControlRig/Content/Controls/ControlRig_RoundedTriangle_solid.uasset" 811
"../../../Engine/Plugins/Animation/ControlRig/Content/Controls/ControlRig_RoundedTriangle_solid.uexp" 812
"../../../Engine/Plugins/Animation/ControlRig/Content/Controls/ControlRig_RoundedTriangle_3mm.ubulk" 813
"../../../Engine/Plugins/Animation/ControlRig/Content/Controls/ControlRig_RoundedTriangle_3mm.uasset" 814
"../../../Engine/Plugins/Animation/ControlRig/Content/Controls/ControlRig_RoundedTriangle_3mm.uexp" 815
"../../../Engine/Plugins/Animation/ControlRig/Content/Controls/ControlRig_RoundedTriangle_1mm.ubulk" 816
"../../../Engine/Plugins/Animation/ControlRig/Content/Controls/ControlRig_RoundedTriangle_1mm.uasset" 817
"../../../Engine/Plugins/Animation/ControlRig/Content/Controls/ControlRig_RoundedTriangle_1mm.uexp" 818
"../../../Engine/Plugins/Animation/ControlRig/Content/Controls/ControlRig_RoundedSquare_solid.ubulk" 819
"../../../Engine/Plugins/Animation/ControlRig/Content/Controls/ControlRig_RoundedSquare_solid.uasset" 820
"../../../Engine/Plugins/Animation/ControlRig/Content/Controls/ControlRig_RoundedSquare_solid.uexp" 821
"../../../Engine/Plugins/Animation/ControlRig/Content/Controls/ControlRig_RoundedSquare_3mm.ubulk" 822
"../../../Engine/Plugins/Animation/ControlRig/Content/Controls/ControlRig_RoundedSquare_3mm.uasset" 823
"../../../Engine/Plugins/Animation/ControlRig/Content/Controls/ControlRig_RoundedSquare_3mm.uexp" 824
"../../../Engine/Plugins/Animation/ControlRig/Content/Controls/ControlRig_RoundedSquare_1mm.ubulk" 825
"../../../Engine/Plugins/Animation/ControlRig/Content/Controls/ControlRig_RoundedSquare_1mm.uasset" 826
"../../../Engine/Plugins/Animation/ControlRig/Content/Controls/ControlRig_RoundedSquare_1mm.uexp" 827
"../../../Engine/Plugins/Animation/ControlRig/Content/Controls/ControlRig_QuarterCircle_solid.ubulk" 828
"../../../Engine/Plugins/Animation/ControlRig/Content/Controls/ControlRig_QuarterCircle_solid.uasset" 829
"../../../Engine/Plugins/Animation/ControlRig/Content/Controls/ControlRig_QuarterCircle_solid.uexp" 830
"../../../Engine/Plugins/Animation/ControlRig/Content/Controls/ControlRig_QuarterCircle_3mm.ubulk" 831
"../../../Engine/Plugins/Animation/ControlRig/Content/Controls/ControlRig_QuarterCircle_3mm.uasset" 832
"../../../Engine/Plugins/Animation/ControlRig/Content/Controls/ControlRig_QuarterCircle_3mm.uexp" 833
"../../../Engine/Plugins/Animation/ControlRig/Content/Controls/ControlRig_QuarterCircle_1mm.ubulk" 834
"../../../Engine/Plugins/Animation/ControlRig/Content/Controls/ControlRig_QuarterCircle_1mm.uasset" 835
"../../../Engine/Plugins/Animation/ControlRig/Content/Controls/ControlRig_QuarterCircle_1mm.uexp" 836
"../../../Engine/Plugins/Animation/ControlRig/Content/Controls/ControlRig_Pyramid_solid.ubulk" 837
"../../../Engine/Plugins/Animation/ControlRig/Content/Controls/ControlRig_Pyramid_solid.uasset" 838
"../../../Engine/Plugins/Animation/ControlRig/Content/Controls/ControlRig_Pyramid_solid.uexp" 839
"../../../Engine/Plugins/Animation/ControlRig/Content/Controls/ControlRig_Pyramid_3mm.ubulk" 840
"../../../Engine/Plugins/Animation/ControlRig/Content/Controls/ControlRig_Pyramid_3mm.uasset" 841
"../../../Engine/Plugins/Animation/ControlRig/Content/Controls/ControlRig_Pyramid_3mm.uexp" 842
"../../../Engine/Plugins/Animation/ControlRig/Content/Controls/ControlRig_Pyramid_1mm.ubulk" 843
"../../../Engine/Plugins/Animation/ControlRig/Content/Controls/ControlRig_Pyramid_1mm.uasset" 844
"../../../Engine/Plugins/Animation/ControlRig/Content/Controls/ControlRig_Pyramid_1mm.uexp" 845
"../../../Engine/Plugins/Animation/ControlRig/Content/Controls/ControlRig_Octagon_solid.ubulk" 846
"../../../Engine/Plugins/Animation/ControlRig/Content/Controls/ControlRig_Octagon_solid.uasset" 847
"../../../Engine/Plugins/Animation/ControlRig/Content/Controls/ControlRig_Octagon_solid.uexp" 848
"../../../Engine/Plugins/Animation/ControlRig/Content/Controls/ControlRig_Octagon_3mm.ubulk" 849
"../../../Engine/Plugins/Animation/ControlRig/Content/Controls/ControlRig_Octagon_3mm.uasset" 850
"../../../Engine/Plugins/Animation/ControlRig/Content/Controls/ControlRig_Octagon_3mm.uexp" 851
"../../../Engine/Plugins/Animation/ControlRig/Content/Controls/ControlRig_Octagon_1mm.ubulk" 852
"../../../Engine/Plugins/Animation/ControlRig/Content/Controls/ControlRig_Octagon_1mm.uasset" 853
"../../../Engine/Plugins/Animation/ControlRig/Content/Controls/ControlRig_Octagon_1mm.uexp" 854
"../../../Engine/Plugins/Animation/ControlRig/Content/Controls/ControlRig_Hexagon_solid.ubulk" 855
"../../../Engine/Plugins/Animation/ControlRig/Content/Controls/ControlRig_Hexagon_solid.uasset" 856
"../../../Engine/Plugins/Animation/ControlRig/Content/Controls/ControlRig_Hexagon_solid.uexp" 857
"../../../Engine/Plugins/Animation/ControlRig/Content/Controls/ControlRig_Hexagon_3mm.ubulk" 858
"../../../Engine/Plugins/Animation/ControlRig/Content/Controls/ControlRig_Hexagon_3mm.uasset" 859
"../../../Engine/Plugins/Animation/ControlRig/Content/Controls/ControlRig_Hexagon_3mm.uexp" 860
"../../../Engine/Plugins/Animation/ControlRig/Content/Controls/ControlRig_Hexagon_1mm.ubulk" 861
"../../../Engine/Plugins/Animation/ControlRig/Content/Controls/ControlRig_Hexagon_1mm.uasset" 862
"../../../Engine/Plugins/Animation/ControlRig/Content/Controls/ControlRig_Hexagon_1mm.uexp" 863
"../../../Engine/Plugins/Animation/ControlRig/Content/Controls/ControlRig_HalfCircle_solid.ubulk" 864
"../../../Engine/Plugins/Animation/ControlRig/Content/Controls/ControlRig_HalfCircle_solid.uasset" 865
"../../../Engine/Plugins/Animation/ControlRig/Content/Controls/ControlRig_HalfCircle_solid.uexp" 866
"../../../Engine/Plugins/Animation/ControlRig/Content/Controls/ControlRig_HalfCircle_3mm.ubulk" 867
"../../../Engine/Plugins/Animation/ControlRig/Content/Controls/ControlRig_HalfCircle_3mm.uasset" 868
"../../../Engine/Plugins/Animation/ControlRig/Content/Controls/ControlRig_HalfCircle_3mm.uexp" 869
"../../../Engine/Plugins/Animation/ControlRig/Content/Controls/ControlRig_HalfCircle_1mm.ubulk" 870
"../../../Engine/Plugins/Animation/ControlRig/Content/Controls/ControlRig_HalfCircle_1mm.uasset" 871
"../../../Engine/Plugins/Animation/ControlRig/Content/Controls/ControlRig_HalfCircle_1mm.uexp" 872
"../../../Engine/Plugins/Animation/ControlRig/Content/Controls/ControlRig_Diamond_solid.ubulk" 873
"../../../Engine/Plugins/Animation/ControlRig/Content/Controls/ControlRig_Diamond_solid.uasset" 874
"../../../Engine/Plugins/Animation/ControlRig/Content/Controls/ControlRig_Diamond_solid.uexp" 875
"../../../Engine/Plugins/Animation/ControlRig/Content/Controls/ControlRig_Diamond_3mm.ubulk" 876
"../../../Engine/Plugins/Animation/ControlRig/Content/Controls/ControlRig_Diamond_3mm.uasset" 877
"../../../Engine/Plugins/Animation/ControlRig/Content/Controls/ControlRig_Diamond_3mm.uexp" 878
"../../../Engine/Plugins/Animation/ControlRig/Content/Controls/ControlRig_Diamond_1mm.ubulk" 879
"../../../Engine/Plugins/Animation/ControlRig/Content/Controls/ControlRig_Diamond_1mm.uasset" 880
"../../../Engine/Plugins/Animation/ControlRig/Content/Controls/ControlRig_Diamond_1mm.uexp" 881
"../../../Engine/Plugins/Animation/ControlRig/Content/Controls/ControlRig_Circle_solid.ubulk" 882
"../../../Engine/Plugins/Animation/ControlRig/Content/Controls/ControlRig_Circle_solid.uasset" 883
"../../../Engine/Plugins/Animation/ControlRig/Content/Controls/ControlRig_Circle_solid.uexp" 884
"../../../Engine/Plugins/Animation/ControlRig/Content/Controls/ControlRig_Circle_3mm.ubulk" 885
"../../../Engine/Plugins/Animation/ControlRig/Content/Controls/ControlRig_Circle_3mm.uasset" 886
"../../../Engine/Plugins/Animation/ControlRig/Content/Controls/ControlRig_Circle_3mm.uexp" 887
"../../../Engine/Plugins/Animation/ControlRig/Content/Controls/ControlRig_Circle_1mm.ubulk" 888
"../../../Engine/Plugins/Animation/ControlRig/Content/Controls/ControlRig_Circle_1mm.uasset" 889
"../../../Engine/Plugins/Animation/ControlRig/Content/Controls/ControlRig_Circle_1mm.uexp" 890
"../../../Engine/Plugins/Animation/ControlRig/Content/Controls/ControlRig_Box_solid.ubulk" 891
"../../../Engine/Plugins/Animation/ControlRig/Content/Controls/ControlRig_Box_solid.uasset" 892
"../../../Engine/Plugins/Animation/ControlRig/Content/Controls/ControlRig_Box_solid.uexp" 893
"../../../Engine/Plugins/Animation/ControlRig/Content/Controls/ControlRig_Box_3mm.ubulk" 894
"../../../Engine/Plugins/Animation/ControlRig/Content/Controls/ControlRig_Box_3mm.uasset" 895
"../../../Engine/Plugins/Animation/ControlRig/Content/Controls/ControlRig_Box_3mm.uexp" 896
"../../../Engine/Plugins/Animation/ControlRig/Content/Controls/ControlRig_Box_1mm.ubulk" 897
"../../../Engine/Plugins/Animation/ControlRig/Content/Controls/ControlRig_Box_1mm.uasset" 898
"../../../Engine/Plugins/Animation/ControlRig/Content/Controls/ControlRig_Box_1mm.uexp" 899
"../../../Engine/Plugins/Animation/ControlRig/Content/Controls/ControlRig_Arrow_solid.ubulk" 900
"../../../Engine/Plugins/Animation/ControlRig/Content/Controls/ControlRig_Arrow_solid.uasset" 901
"../../../Engine/Plugins/Animation/ControlRig/Content/Controls/ControlRig_Arrow_solid.uexp" 902
"../../../Engine/Plugins/Animation/ControlRig/Content/Controls/ControlRig_Arrow_3mm.ubulk" 903
"../../../Engine/Plugins/Animation/ControlRig/Content/Controls/ControlRig_Arrow_3mm.uasset" 904
"../../../Engine/Plugins/Animation/ControlRig/Content/Controls/ControlRig_Arrow_3mm.uexp" 905
"../../../Engine/Plugins/Animation/ControlRig/Content/Controls/ControlRig_Arrow_1mm.ubulk" 906
"../../../Engine/Plugins/Animation/ControlRig/Content/Controls/ControlRig_Arrow_1mm.uasset" 907
"../../../Engine/Plugins/Animation/ControlRig/Content/Controls/ControlRig_Arrow_1mm.uexp" 908
"../../../Engine/Plugins/Animation/ControlRig/Content/Controls/ControlRig_Arrow4_solid.ubulk" 909
"../../../Engine/Plugins/Animation/ControlRig/Content/Controls/ControlRig_Arrow4_solid.uasset" 910
"../../../Engine/Plugins/Animation/ControlRig/Content/Controls/ControlRig_Arrow4_solid.uexp" 911
"../../../Engine/Plugins/Animation/ControlRig/Content/Controls/ControlRig_Arrow4_3mm.ubulk" 912
"../../../Engine/Plugins/Animation/ControlRig/Content/Controls/ControlRig_Arrow4_3mm.uasset" 913
"../../../Engine/Plugins/Animation/ControlRig/Content/Controls/ControlRig_Arrow4_3mm.uexp" 914
"../../../Engine/Plugins/Animation/ControlRig/Content/Controls/ControlRig_Arrow4_1mm.ubulk" 915
"../../../Engine/Plugins/Animation/ControlRig/Content/Controls/ControlRig_Arrow4_1mm.uasset" 916
"../../../Engine/Plugins/Animation/ControlRig/Content/Controls/ControlRig_Arrow4_1mm.uexp" 917
"../../../Engine/Plugins/Animation/ControlRig/Content/Controls/ControlRig_Arrow2_solid.ubulk" 918
"../../../Engine/Plugins/Animation/ControlRig/Content/Controls/ControlRig_Arrow2_solid.uasset" 919
"../../../Engine/Plugins/Animation/ControlRig/Content/Controls/ControlRig_Arrow2_solid.uexp" 920
"../../../Engine/Plugins/Animation/ControlRig/Content/Controls/ControlRig_Arrow2_3mm.ubulk" 921
"../../../Engine/Plugins/Animation/ControlRig/Content/Controls/ControlRig_Arrow2_3mm.uasset" 922
"../../../Engine/Plugins/Animation/ControlRig/Content/Controls/ControlRig_Arrow2_3mm.uexp" 923
"../../../Engine/Plugins/Animation/ControlRig/Content/Controls/ControlRig_Arrow2_1mm.ubulk" 924
"../../../Engine/Plugins/Animation/ControlRig/Content/Controls/ControlRig_Arrow2_1mm.uasset" 925
"../../../Engine/Plugins/Animation/ControlRig/Content/Controls/ControlRig_Arrow2_1mm.uexp" 926
"../../../Engine/Content/VREditor/TransformGizmo/Xray.uasset" 927
"../../../Engine/Content/VREditor/TransformGizmo/Xray.uexp" 928
"../../../Engine/Content/VREditor/TransformGizmo/Main.uasset" 929
"../../../Engine/Content/VREditor/TransformGizmo/Main.uexp" 930
"../../../Engine/Content/VREditor/TransformGizmo/SM_Sequencer_Node.ubulk" 931
"../../../Engine/Content/VREditor/TransformGizmo/SM_Sequencer_Node.uasset" 932
"../../../Engine/Content/VREditor/TransformGizmo/SM_Sequencer_Node.uexp" 933
"../../../Engine/Content/VREditor/TransformGizmo/TranslucentTransformGizmoMaterial.uasset" 934
"../../../Engine/Content/VREditor/TransformGizmo/TranslucentTransformGizmoMaterial.uexp" 935
"../../../Engine/Content/VREditor/LaserPointer/VR_LaserPower_01.ubulk" 936
"../../../Engine/Content/VREditor/LaserPointer/VR_LaserPower_01.uasset" 937
"../../../Engine/Content/VREditor/LaserPointer/VR_LaserPower_01.uexp" 938
"../../../Engine/Content/VREditor/TransformGizmo/TransformGizmoMaterial.uasset" 939
"../../../Engine/Content/VREditor/TransformGizmo/TransformGizmoMaterial.uexp" 940
"../../../Engine/Content/VREditor/TransformGizmo/BoundingBoxEdge.ubulk" 941
"../../../Engine/Content/VREditor/TransformGizmo/BoundingBoxEdge.uasset" 942
"../../../Engine/Content/VREditor/TransformGizmo/BoundingBoxEdge.uexp" 943
"../../../Engine/Content/VREditor/TransformGizmo/BoundingBoxCorner.ubulk" 944
"../../../Engine/Content/VREditor/TransformGizmo/BoundingBoxCorner.uasset" 945
"../../../Engine/Content/VREditor/TransformGizmo/BoundingBoxCorner.uexp" 946
"../../../Engine/Content/EditorMaterials/Camera/CineMat.uasset" 947
"../../../Engine/Content/EditorMaterials/Camera/CineMat.uexp" 948
"../../../Engine/Content/EditorMaterials/Camera/MI_CineMat_Rig.uasset" 949
"../../../Engine/Content/EditorMaterials/Camera/MI_CineMat_Rig.uexp" 950
"../../../Engine/Content/EditorMeshes/Camera/SM_RailRig_Track.ubulk" 951
"../../../Engine/Content/EditorMeshes/Camera/SM_RailRig_Track.uasset" 952
"../../../Engine/Content/EditorMeshes/Camera/SM_RailRig_Track.uexp" 953
"../../../Engine/Content/EditorMeshes/Camera/SM_RailRig_Mount.ubulk" 954
"../../../Engine/Content/EditorMeshes/Camera/SM_RailRig_Mount.uasset" 955
"../../../Engine/Content/EditorMeshes/Camera/SM_RailRig_Mount.uexp" 956
"../../../Engine/Content/EditorMeshes/Camera/SM_CraneRig_Mount.ubulk" 957
"../../../Engine/Content/EditorMeshes/Camera/SM_CraneRig_Mount.uasset" 958
"../../../Engine/Content/EditorMeshes/Camera/SM_CraneRig_Mount.uexp" 959
"../../../Engine/Content/EditorMeshes/Camera/SM_CraneRig_Body.ubulk" 960
"../../../Engine/Content/EditorMeshes/Camera/SM_CraneRig_Body.uasset" 961
"../../../Engine/Content/EditorMeshes/Camera/SM_CraneRig_Body.uexp" 962
"../../../Engine/Content/EditorMeshes/Camera/SM_CraneRig_Base.ubulk" 963
"../../../Engine/Content/EditorMeshes/Camera/SM_CraneRig_Base.uasset" 964
"../../../Engine/Content/EditorMeshes/Camera/SM_CraneRig_Base.uexp" 965
"../../../Engine/Content/EditorMeshes/Camera/SM_CraneRig_Arm.ubulk" 966
"../../../Engine/Content/EditorMeshes/Camera/SM_CraneRig_Arm.uasset" 967
"../../../Engine/Content/EditorMeshes/Camera/SM_CraneRig_Arm.uexp" 968
"../../../Engine/Content/ArtTools/RenderToTexture/Meshes/S_1_Unit_Plane.ubulk" 969
"../../../Engine/Content/ArtTools/RenderToTexture/Meshes/S_1_Unit_Plane.uasset" 970
"../../../Engine/Content/ArtTools/RenderToTexture/Meshes/S_1_Unit_Plane.uexp" 971
"../../../Engine/Content/EngineMaterials/Substrate/Volume/SubstrateSimpleVolumeLUT3D.uasset" 972
"../../../Engine/Content/EngineMaterials/Substrate/Volume/SubstrateSimpleVolumeLUT3D.uexp" 973
"../../../Engine/Content/EngineMaterials/Substrate/Volume/SubstrateSimpleVolumeEnvLUT3D.uasset" 974
"../../../Engine/Content/EngineMaterials/Substrate/Volume/SubstrateSimpleVolumeEnvLUT3D.uexp" 975
"../../../Engine/Content/EngineMaterials/Substrate/Glints2/AGlintTex2dArray2.uasset" 976
"../../../Engine/Content/EngineMaterials/Substrate/Glints2/AGlintTex2dArray2.uexp" 977
"../../../Engine/Content/EngineMaterials/Substrate/GLints/AGlintTex2dArray.uasset" 978
"../../../Engine/Content/EngineMaterials/Substrate/GLints/AGlintTex2dArray.uexp" 979
"../../../Engine/Plugins/NNE/NNEDenoiser/Content/NNED_Oidn2-3_HighQuality_Alpha.uasset" 980
"../../../Engine/Plugins/NNE/NNEDenoiser/Content/NNED_Oidn2-3_HighQuality_Alpha.uexp" 981
"../../../Engine/Plugins/NNE/NNEDenoiser/Content/NNED_Oidn2-3_HighQuality.uasset" 982
"../../../Engine/Plugins/NNE/NNEDenoiser/Content/NNED_Oidn2-3_HighQuality.uexp" 983
"../../../Engine/Plugins/NNE/NNEDenoiser/Content/NNED_Oidn2-3_Fast_Alpha.uasset" 984
"../../../Engine/Plugins/NNE/NNEDenoiser/Content/NNED_Oidn2-3_Fast_Alpha.uexp" 985
"../../../Engine/Plugins/NNE/NNEDenoiser/Content/NNED_Oidn2-3_Fast.uasset" 986
"../../../Engine/Plugins/NNE/NNEDenoiser/Content/NNED_Oidn2-3_Fast.uexp" 987
"../../../Engine/Plugins/NNE/NNEDenoiser/Content/NNED_Oidn2-3_Balanced_Alpha.uasset" 988
"../../../Engine/Plugins/NNE/NNEDenoiser/Content/NNED_Oidn2-3_Balanced_Alpha.uexp" 989
"../../../Engine/Plugins/NNE/NNEDenoiser/Content/NNED_Oidn2-3_Balanced.uasset" 990
"../../../Engine/Plugins/NNE/NNEDenoiser/Content/NNED_Oidn2-3_Balanced.uexp" 991
"../../../Engine/Plugins/NNE/NNEDenoiser/Content/NNEDT_Oidn2-3_Balanced_Alpha.uasset" 992
"../../../Engine/Plugins/NNE/NNEDenoiser/Content/NNEDT_Oidn2-3_Balanced_Alpha.uexp" 993
"../../../Engine/Plugins/NNE/NNEDenoiser/Content/NNEDT_Oidn2-3_Balanced.uasset" 994
"../../../Engine/Plugins/NNE/NNEDenoiser/Content/NNEDT_Oidn2-3_Balanced.uexp" 995
"../../../Engine/Content/EngineResources/LandscapeVisibilityLayerInfo.uasset" 996
"../../../Engine/Content/EngineResources/LandscapeVisibilityLayerInfo.uexp" 997
"../../../Engine/Plugins/Animation/DeformerGraph/Content/DeformerFunctions/DG_Function_LinearBlendSkin_Morph_Cloth_PositionOnly.uasset" 998
"../../../Engine/Plugins/Animation/DeformerGraph/Content/DeformerFunctions/DG_Function_LinearBlendSkin_Morph_Cloth_PositionOnly.uexp" 999
"../../../Engine/Plugins/Animation/DeformerGraph/Content/DeformerFunctions/DG_Function_ComputeNormalsTangents.uasset" 1000
"../../../Engine/Plugins/Animation/DeformerGraph/Content/DeformerFunctions/DG_Function_ComputeNormalsTangents.uexp" 1001
"../../../Engine/Plugins/Animation/DeformerGraph/Content/Deformers/DG_LinearBlendSkin_Morph_Cloth_RecomputeNormals.uasset" 1002
"../../../Engine/Plugins/Animation/DeformerGraph/Content/Deformers/DG_LinearBlendSkin_Morph_Cloth_RecomputeNormals.uexp" 1003
"../../../Engine/Plugins/Animation/DeformerGraph/Content/DeformerFunctions/DG_Function_LinearBlendSkin_Morph_Cloth.uasset" 1004
"../../../Engine/Plugins/Animation/DeformerGraph/Content/DeformerFunctions/DG_Function_LinearBlendSkin_Morph_Cloth.uexp" 1005
"../../../Engine/Plugins/Animation/DeformerGraph/Content/Deformers/DG_LinearBlendSkin_Morph_Cloth.uasset" 1006
"../../../Engine/Plugins/Animation/DeformerGraph/Content/Deformers/DG_LinearBlendSkin_Morph_Cloth.uexp" 1007
"../../../Engine/Content/VREditor/Sounds/UI/Drop_Item_From_ContentBrowser.ubulk" 1008
"../../../Engine/Content/VREditor/Sounds/UI/Drop_Item_From_ContentBrowser.uasset" 1009
"../../../Engine/Content/VREditor/Sounds/UI/Drop_Item_From_ContentBrowser.uexp" 1010
"../../../Engine/Content/VREditor/TransformGizmo/TransformGizmoMaterial_Inst.uasset" 1011
"../../../Engine/Content/VREditor/TransformGizmo/TransformGizmoMaterial_Inst.uexp" 1012
"../../../Engine/Content/VREditor/TransformGizmo/TranslucentTransformGizmoMaterial_Inst.uasset" 1013
"../../../Engine/Content/VREditor/TransformGizmo/TranslucentTransformGizmoMaterial_Inst.uexp" 1014
"../../../Engine/Content/Functions/Engine_MaterialFunctions02/SplitComponents.uasset" 1015
"../../../Engine/Content/Functions/Engine_MaterialFunctions02/SplitComponents.uexp" 1016
"../../../Engine/Content/VREditor/SnapGrid/SnapGridMaterial.uasset" 1017
"../../../Engine/Content/VREditor/SnapGrid/SnapGridMaterial.uexp" 1018
"../../../Engine/Content/VREditor/SnapGrid/SnapGridPlaneMesh.ubulk" 1019
"../../../Engine/Content/VREditor/SnapGrid/SnapGridPlaneMesh.uasset" 1020
"../../../Engine/Content/VREditor/SnapGrid/SnapGridPlaneMesh.uexp" 1021
"../../../Engine/Content/VREditor/Sounds/UI/Gizmo_Handle_Clicked.ubulk" 1022
"../../../Engine/Content/VREditor/Sounds/UI/Gizmo_Handle_Clicked.uasset" 1023
"../../../Engine/Content/VREditor/Sounds/UI/Gizmo_Handle_Clicked.uexp" 1024
"../../../Engine/Content/VREditor/Sounds/UI/Object_PickUp.ubulk" 1025
"../../../Engine/Content/VREditor/Sounds/UI/Object_PickUp.uasset" 1026
"../../../Engine/Content/VREditor/Sounds/UI/Object_PickUp.uexp" 1027
"../../../Engine/Content/VREditor/Sounds/UI/Object_Snaps_To_Another_Actor.ubulk" 1028
"../../../Engine/Content/VREditor/Sounds/UI/Object_Snaps_To_Another_Actor.uasset" 1029
"../../../Engine/Content/VREditor/Sounds/UI/Object_Snaps_To_Another_Actor.uexp" 1030
"../../../Engine/Content/VREditor/Sounds/UI/Object_Snaps_To_Grid.ubulk" 1031
"../../../Engine/Content/VREditor/Sounds/UI/Object_Snaps_To_Grid.uasset" 1032
"../../../Engine/Content/VREditor/Sounds/UI/Object_Snaps_To_Grid.uexp" 1033
"../../../Engine/Content/VREditor/Sounds/UI/Scaling_Down.ubulk" 1034
"../../../Engine/Content/VREditor/Sounds/UI/Scaling_Down.uasset" 1035
"../../../Engine/Content/VREditor/Sounds/UI/Scaling_Down.uexp" 1036
"../../../Engine/Content/VREditor/Sounds/UI/Scaling_Up.ubulk" 1037
"../../../Engine/Content/VREditor/Sounds/UI/Scaling_Up.uasset" 1038
"../../../Engine/Content/VREditor/Sounds/UI/Scaling_Up.uexp" 1039
"../../../Engine/Content/VREditor/Sounds/UI/Selection_Changes.ubulk" 1040
"../../../Engine/Content/VREditor/Sounds/UI/Selection_Changes.uasset" 1041
"../../../Engine/Content/VREditor/Sounds/UI/Selection_Changes.uexp" 1042
"../../../Engine/Content/VREditor/TransformGizmo/PlaneTranslationHandle.ubulk" 1043
"../../../Engine/Content/VREditor/TransformGizmo/PlaneTranslationHandle.uasset" 1044
"../../../Engine/Content/VREditor/TransformGizmo/PlaneTranslationHandle.uexp" 1045
"../../../Engine/Content/VREditor/TransformGizmo/RotationHandleFull.ubulk" 1046
"../../../Engine/Content/VREditor/TransformGizmo/RotationHandleFull.uasset" 1047
"../../../Engine/Content/VREditor/TransformGizmo/RotationHandleFull.uexp" 1048
"../../../Engine/Content/VREditor/TransformGizmo/RotationHandleIndicator.ubulk" 1049
"../../../Engine/Content/VREditor/TransformGizmo/RotationHandleIndicator.uasset" 1050
"../../../Engine/Content/VREditor/TransformGizmo/RotationHandleIndicator.uexp" 1051
"../../../Engine/Content/VREditor/TransformGizmo/RotationHandleQuarter.ubulk" 1052
"../../../Engine/Content/VREditor/TransformGizmo/RotationHandleQuarter.uasset" 1053
"../../../Engine/Content/VREditor/TransformGizmo/RotationHandleQuarter.uexp" 1054
"../../../Engine/Content/VREditor/TransformGizmo/StartRotationHandleIndicator.ubulk" 1055
"../../../Engine/Content/VREditor/TransformGizmo/StartRotationHandleIndicator.uasset" 1056
"../../../Engine/Content/VREditor/TransformGizmo/StartRotationHandleIndicator.uexp" 1057
"../../../Engine/Content/VREditor/TransformGizmo/TransformGizmoFreeRotation.ubulk" 1058
"../../../Engine/Content/VREditor/TransformGizmo/TransformGizmoFreeRotation.uasset" 1059
"../../../Engine/Content/VREditor/TransformGizmo/TransformGizmoFreeRotation.uexp" 1060
"../../../Engine/Content/VREditor/TransformGizmo/TranslateArrowHandle.ubulk" 1061
"../../../Engine/Content/VREditor/TransformGizmo/TranslateArrowHandle.uasset" 1062
"../../../Engine/Content/VREditor/TransformGizmo/TranslateArrowHandle.uexp" 1063
"../../../Engine/Content/VREditor/TransformGizmo/UniformScaleHandle.ubulk" 1064
"../../../Engine/Content/VREditor/TransformGizmo/UniformScaleHandle.uasset" 1065
"../../../Engine/Content/VREditor/TransformGizmo/UniformScaleHandle.uexp" 1066
"../../../Engine/Content/Maps/Entry_BuiltData.uasset" 1067
"../../../Engine/Content/Maps/Entry_BuiltData.uexp" 1068
"../../../Engine/Content/Maps/Entry.uexp" 1069
"../../../Engine/Content/Maps/Entry.umap" 1070
"../../../Engine/Content/EngineSky/T_Sky_Stars.ubulk" 1071
"../../../Engine/Content/EngineSky/T_Sky_Stars.uasset" 1072
"../../../Engine/Content/EngineSky/T_Sky_Stars.uexp" 1073
"../../../Engine/Content/EngineSky/T_Sky_Clouds_M.ubulk" 1074
"../../../Engine/Content/EngineSky/T_Sky_Clouds_M.uasset" 1075
"../../../Engine/Content/EngineSky/T_Sky_Clouds_M.uexp" 1076
"../../../Engine/Content/EngineSky/T_Sky_Blue.ubulk" 1077
"../../../Engine/Content/EngineSky/T_Sky_Blue.uasset" 1078
"../../../Engine/Content/EngineSky/T_Sky_Blue.uexp" 1079
"../../../Engine/Content/EngineSky/M_Sky_Panning_Clouds2.uasset" 1080
"../../../Engine/Content/EngineSky/M_Sky_Panning_Clouds2.uexp" 1081
"../../../Engine/Content/EngineSky/SM_SkySphere.ubulk" 1082
"../../../Engine/Content/EngineSky/SM_SkySphere.uasset" 1083
"../../../Engine/Content/EngineSky/SM_SkySphere.uexp" 1084
"../../../Engine/Content/EngineSky/VolumetricClouds/VT_PerlinWorley_Balanced.uasset" 1085
"../../../Engine/Content/EngineSky/VolumetricClouds/VT_PerlinWorley_Balanced.uexp" 1086
"../../../Engine/Content/EngineSky/VolumetricClouds/T_Profile_08.ubulk" 1087
"../../../Engine/Content/EngineSky/VolumetricClouds/T_Profile_08.uasset" 1088
"../../../Engine/Content/EngineSky/VolumetricClouds/T_Profile_08.uexp" 1089
"../../../Engine/Content/EngineSky/VolumetricClouds/T_CloudPattern.ubulk" 1090
"../../../Engine/Content/EngineSky/VolumetricClouds/T_CloudPattern.uasset" 1091
"../../../Engine/Content/EngineSky/VolumetricClouds/T_CloudPattern.uexp" 1092
"../../../Engine/Content/EngineSky/VolumetricClouds/T_CloudMask.ubulk" 1093
"../../../Engine/Content/EngineSky/VolumetricClouds/T_CloudMask.uasset" 1094
"../../../Engine/Content/EngineSky/VolumetricClouds/T_CloudMask.uexp" 1095
"../../../Engine/Content/Functions/Engine_MaterialFunctions02/Utility/BreakOutFloat4Components.uasset" 1096
"../../../Engine/Content/Functions/Engine_MaterialFunctions02/Utility/BreakOutFloat4Components.uexp" 1097
"../../../Engine/Content/Functions/Engine_MaterialFunctions02/Utility/MakeFloat4.uasset" 1098
"../../../Engine/Content/Functions/Engine_MaterialFunctions02/Utility/MakeFloat4.uexp" 1099
"../../../Engine/Content/EngineResources/DefaultVolumeTexture2D.uasset" 1100
"../../../Engine/Content/EngineResources/DefaultVolumeTexture2D.uexp" 1101
"../../../Engine/Content/EngineResources/DefaultVolumeTexture.uasset" 1102
"../../../Engine/Content/EngineResources/DefaultVolumeTexture.uexp" 1103
"../../../Engine/Content/EngineSky/VolumetricClouds/VT_Lightning.uasset" 1104
"../../../Engine/Content/EngineSky/VolumetricClouds/VT_Lightning.uexp" 1105
"../../../Engine/Content/Functions/Engine_MaterialFunctions01/Units/Km-to-Cm.uasset" 1106
"../../../Engine/Content/Functions/Engine_MaterialFunctions01/Units/Km-to-Cm.uexp" 1107
"../../../Engine/Content/EngineSky/VolumetricClouds/m_SimpleVolumetricCloud.uasset" 1108
"../../../Engine/Content/EngineSky/VolumetricClouds/m_SimpleVolumetricCloud.uexp" 1109
"../../../Engine/Content/EngineSky/VolumetricClouds/m_SimpleVolumetricCloud_Inst.uasset" 1110
"../../../Engine/Content/EngineSky/VolumetricClouds/m_SimpleVolumetricCloud_Inst.uexp" 1111
"C:/Users/User/Downloads/Parcial02/Content/Pillows_pack/Textures_Materials/Pillow_color/T_Pillow_2_Color_OcclusionRoughnessMetallic.ubulk" 1112
"C:/Users/User/Downloads/Parcial02/Content/Pillows_pack/Textures_Materials/Pillow_color/T_Pillow_2_Color_OcclusionRoughnessMetallic.uasset" 1113
"C:/Users/User/Downloads/Parcial02/Content/Pillows_pack/Textures_Materials/Pillow_color/T_Pillow_2_Color_OcclusionRoughnessMetallic.uexp" 1114
"C:/Users/User/Downloads/Parcial02/Content/Pillows_pack/Textures_Materials/Pillow_color/T_Pillow_2_Color_Normal.ubulk" 1115
"C:/Users/User/Downloads/Parcial02/Content/Pillows_pack/Textures_Materials/Pillow_color/T_Pillow_2_Color_Normal.uasset" 1116
"C:/Users/User/Downloads/Parcial02/Content/Pillows_pack/Textures_Materials/Pillow_color/T_Pillow_2_Color_Normal.uexp" 1117
"C:/Users/User/Downloads/Parcial02/Content/Pillows_pack/Textures_Materials/Pillow_color/T_Pillow_2_Color_BaseColor.ubulk" 1118
"C:/Users/User/Downloads/Parcial02/Content/Pillows_pack/Textures_Materials/Pillow_color/T_Pillow_2_Color_BaseColor.uasset" 1119
"C:/Users/User/Downloads/Parcial02/Content/Pillows_pack/Textures_Materials/Pillow_color/T_Pillow_2_Color_BaseColor.uexp" 1120
"C:/Users/User/Downloads/Parcial02/Content/Pillows_pack/Textures_Materials/M_Pillows_Color_2.uasset" 1121
"C:/Users/User/Downloads/Parcial02/Content/Pillows_pack/Textures_Materials/M_Pillows_Color_2.uexp" 1122
"C:/Users/User/Downloads/Parcial02/Content/Pillows_pack/Meshes/SM_Pillow_2.ubulk" 1123
"C:/Users/User/Downloads/Parcial02/Content/Pillows_pack/Meshes/SM_Pillow_2.uasset" 1124
"C:/Users/User/Downloads/Parcial02/Content/Pillows_pack/Meshes/SM_Pillow_2.uexp" 1125
"C:/Users/User/Downloads/Parcial02/Content/Pillows_pack/Meshes/SM_Pillow_4.ubulk" 1126
"C:/Users/User/Downloads/Parcial02/Content/Pillows_pack/Meshes/SM_Pillow_4.uasset" 1127
"C:/Users/User/Downloads/Parcial02/Content/Pillows_pack/Meshes/SM_Pillow_4.uexp" 1128
"C:/Users/User/Downloads/Parcial02/Content/Pillows_pack/Textures_Materials/Pillow_color/T_Pillow_1_Color_OcclusionRoughnessMetallic.ubulk" 1129
"C:/Users/User/Downloads/Parcial02/Content/Pillows_pack/Textures_Materials/Pillow_color/T_Pillow_1_Color_OcclusionRoughnessMetallic.uasset" 1130
"C:/Users/User/Downloads/Parcial02/Content/Pillows_pack/Textures_Materials/Pillow_color/T_Pillow_1_Color_OcclusionRoughnessMetallic.uexp" 1131
"C:/Users/User/Downloads/Parcial02/Content/Pillows_pack/Textures_Materials/Pillow_color/T_Pillow_1_Color_Normal.ubulk" 1132
"C:/Users/User/Downloads/Parcial02/Content/Pillows_pack/Textures_Materials/Pillow_color/T_Pillow_1_Color_Normal.uasset" 1133
"C:/Users/User/Downloads/Parcial02/Content/Pillows_pack/Textures_Materials/Pillow_color/T_Pillow_1_Color_Normal.uexp" 1134
"C:/Users/User/Downloads/Parcial02/Content/Pillows_pack/Textures_Materials/Pillow_color/T_Pillow_1_Color_BaseColor.ubulk" 1135
"C:/Users/User/Downloads/Parcial02/Content/Pillows_pack/Textures_Materials/Pillow_color/T_Pillow_1_Color_BaseColor.uasset" 1136
"C:/Users/User/Downloads/Parcial02/Content/Pillows_pack/Textures_Materials/Pillow_color/T_Pillow_1_Color_BaseColor.uexp" 1137
"C:/Users/User/Downloads/Parcial02/Content/Pillows_pack/Textures_Materials/M_Pillows_Color_1.uasset" 1138
"C:/Users/User/Downloads/Parcial02/Content/Pillows_pack/Textures_Materials/M_Pillows_Color_1.uexp" 1139
"C:/Users/User/Downloads/Parcial02/Content/Pillows_pack/Meshes/SM_Pillow_6.ubulk" 1140
"C:/Users/User/Downloads/Parcial02/Content/Pillows_pack/Meshes/SM_Pillow_6.uasset" 1141
"C:/Users/User/Downloads/Parcial02/Content/Pillows_pack/Meshes/SM_Pillow_6.uexp" 1142
"C:/Users/User/Downloads/Parcial02/Content/ImportedBlenderAssets/SM_Viga.ubulk" 1143
"C:/Users/User/Downloads/Parcial02/Content/ImportedBlenderAssets/SM_Viga.uasset" 1144
"C:/Users/User/Downloads/Parcial02/Content/ImportedBlenderAssets/SM_Viga.uexp" 1145
"C:/Users/User/Downloads/Parcial02/Content/ImportedBlenderAssets/SM_Ventana_compleja.ubulk" 1146
"C:/Users/User/Downloads/Parcial02/Content/ImportedBlenderAssets/SM_Ventana_compleja.uasset" 1147
"C:/Users/User/Downloads/Parcial02/Content/ImportedBlenderAssets/SM_Ventana_compleja.uexp" 1148
"C:/Users/User/Downloads/Parcial02/Content/ImportedBlenderAssets/SM_ventanaSimple.ubulk" 1149
"C:/Users/User/Downloads/Parcial02/Content/ImportedBlenderAssets/SM_ventanaSimple.uasset" 1150
"C:/Users/User/Downloads/Parcial02/Content/ImportedBlenderAssets/SM_ventanaSimple.uexp" 1151
"C:/Users/User/Downloads/Parcial02/Content/ImportedBlenderAssets/SM_VentanaSentarse.ubulk" 1152
"C:/Users/User/Downloads/Parcial02/Content/ImportedBlenderAssets/SM_VentanaSentarse.uasset" 1153
"C:/Users/User/Downloads/Parcial02/Content/ImportedBlenderAssets/SM_VentanaSentarse.uexp" 1154
"C:/Users/User/Downloads/Parcial02/Content/ImportedBlenderAssets/SM_Puerta_principal.ubulk" 1155
"C:/Users/User/Downloads/Parcial02/Content/ImportedBlenderAssets/SM_Puerta_principal.uasset" 1156
"C:/Users/User/Downloads/Parcial02/Content/ImportedBlenderAssets/SM_Puerta_principal.uexp" 1157
"C:/Users/User/Downloads/Parcial02/Content/ImportedBlenderAssets/SM_Puerta_del_fondo.ubulk" 1158
"C:/Users/User/Downloads/Parcial02/Content/ImportedBlenderAssets/SM_Puerta_del_fondo.uasset" 1159
"C:/Users/User/Downloads/Parcial02/Content/ImportedBlenderAssets/SM_Puerta_del_fondo.uexp" 1160
"C:/Users/User/Downloads/Parcial02/Content/ImportedBlenderAssets/SM_PuertaDoble.ubulk" 1161
"C:/Users/User/Downloads/Parcial02/Content/ImportedBlenderAssets/SM_PuertaDoble.uasset" 1162
"C:/Users/User/Downloads/Parcial02/Content/ImportedBlenderAssets/SM_PuertaDoble.uexp" 1163
"C:/Users/User/Downloads/Parcial02/Content/ImportedBlenderAssets/SM_Puerta.ubulk" 1164
"C:/Users/User/Downloads/Parcial02/Content/ImportedBlenderAssets/SM_Puerta.uasset" 1165
"C:/Users/User/Downloads/Parcial02/Content/ImportedBlenderAssets/SM_Puerta.uexp" 1166
"C:/Users/User/Downloads/Parcial02/Content/ImportedBlenderAssets/SM_PisoSecreto.ubulk" 1167
"C:/Users/User/Downloads/Parcial02/Content/ImportedBlenderAssets/SM_PisoSecreto.uasset" 1168
"C:/Users/User/Downloads/Parcial02/Content/ImportedBlenderAssets/SM_PisoSecreto.uexp" 1169
"C:/Users/User/Downloads/Parcial02/Content/ImportedBlenderAssets/SM_PisoPrincipal.ubulk" 1170
"C:/Users/User/Downloads/Parcial02/Content/ImportedBlenderAssets/SM_PisoPrincipal.uasset" 1171
"C:/Users/User/Downloads/Parcial02/Content/ImportedBlenderAssets/SM_PisoPrincipal.uexp" 1172
"C:/Users/User/Downloads/Parcial02/Content/ImportedBlenderAssets/SM_PisoPasillo.ubulk" 1173
"C:/Users/User/Downloads/Parcial02/Content/ImportedBlenderAssets/SM_PisoPasillo.uasset" 1174
"C:/Users/User/Downloads/Parcial02/Content/ImportedBlenderAssets/SM_PisoPasillo.uexp" 1175
"C:/Users/User/Downloads/Parcial02/Content/ImportedBlenderAssets/SM_PisoLavadero.ubulk" 1176
"C:/Users/User/Downloads/Parcial02/Content/ImportedBlenderAssets/SM_PisoLavadero.uasset" 1177
"C:/Users/User/Downloads/Parcial02/Content/ImportedBlenderAssets/SM_PisoLavadero.uexp" 1178
"C:/Users/User/Downloads/Parcial02/Content/ImportedBlenderAssets/SM_Pared_intermedia.ubulk" 1179
"C:/Users/User/Downloads/Parcial02/Content/ImportedBlenderAssets/SM_Pared_intermedia.uasset" 1180
"C:/Users/User/Downloads/Parcial02/Content/ImportedBlenderAssets/SM_Pared_intermedia.uexp" 1181
"C:/Users/User/Downloads/Parcial02/Content/ImportedBlenderAssets/SM_Pared_cuadrado.ubulk" 1182
"C:/Users/User/Downloads/Parcial02/Content/ImportedBlenderAssets/SM_Pared_cuadrado.uasset" 1183
"C:/Users/User/Downloads/Parcial02/Content/ImportedBlenderAssets/SM_Pared_cuadrado.uexp" 1184
"C:/Users/User/Downloads/Parcial02/Content/ImportedBlenderAssets/SM_ParedFinalizadora.ubulk" 1185
"C:/Users/User/Downloads/Parcial02/Content/ImportedBlenderAssets/SM_ParedFinalizadora.uasset" 1186
"C:/Users/User/Downloads/Parcial02/Content/ImportedBlenderAssets/SM_ParedFinalizadora.uexp" 1187
"C:/Users/User/Downloads/Parcial02/Content/ImportedBlenderAssets/SM_Escalera.ubulk" 1188
"C:/Users/User/Downloads/Parcial02/Content/ImportedBlenderAssets/SM_Escalera.uasset" 1189
"C:/Users/User/Downloads/Parcial02/Content/ImportedBlenderAssets/SM_Escalera.uexp" 1190
"C:/Users/User/Downloads/Parcial02/Content/ImportedBlenderAssets/SM_Columna.ubulk" 1191
"C:/Users/User/Downloads/Parcial02/Content/ImportedBlenderAssets/SM_Columna.uasset" 1192
"C:/Users/User/Downloads/Parcial02/Content/ImportedBlenderAssets/SM_Columna.uexp" 1193
"C:/Users/User/Downloads/Parcial02/Content/VintageRadio/Textures/T_VintageRadio_N.ubulk" 1194
"C:/Users/User/Downloads/Parcial02/Content/VintageRadio/Textures/T_VintageRadio_N.uasset" 1195
"C:/Users/User/Downloads/Parcial02/Content/VintageRadio/Textures/T_VintageRadio_N.uexp" 1196
"C:/Users/User/Downloads/Parcial02/Content/VintageRadio/Textures/T_VintageRadio_ORM.ubulk" 1197
"C:/Users/User/Downloads/Parcial02/Content/VintageRadio/Textures/T_VintageRadio_ORM.uasset" 1198
"C:/Users/User/Downloads/Parcial02/Content/VintageRadio/Textures/T_VintageRadio_ORM.uexp" 1199
"C:/Users/User/Downloads/Parcial02/Content/VintageRadio/Textures/T_VintageRadio_D.ubulk" 1200
"C:/Users/User/Downloads/Parcial02/Content/VintageRadio/Textures/T_VintageRadio_D.uasset" 1201
"C:/Users/User/Downloads/Parcial02/Content/VintageRadio/Textures/T_VintageRadio_D.uexp" 1202
"../../../Engine/Content/EngineMaterials/DefaultDiffuse_TC_Masks.ubulk" 1203
"../../../Engine/Content/EngineMaterials/DefaultDiffuse_TC_Masks.uasset" 1204
"../../../Engine/Content/EngineMaterials/DefaultDiffuse_TC_Masks.uexp" 1205
"C:/Users/User/Downloads/Parcial02/Content/VintageRadio/Materials/M_VintageRadioGlass_Master.uasset" 1206
"C:/Users/User/Downloads/Parcial02/Content/VintageRadio/Materials/M_VintageRadioGlass_Master.uexp" 1207
"C:/Users/User/Downloads/Parcial02/Content/VintageRadio/Materials/MI_VintageRadioGlass.uasset" 1208
"C:/Users/User/Downloads/Parcial02/Content/VintageRadio/Materials/MI_VintageRadioGlass.uexp" 1209
"C:/Users/User/Downloads/Parcial02/Content/VintageRadio/Materials/M_VintageRadio_Master.uasset" 1210
"C:/Users/User/Downloads/Parcial02/Content/VintageRadio/Materials/M_VintageRadio_Master.uexp" 1211
"C:/Users/User/Downloads/Parcial02/Content/VintageRadio/Materials/MI_VintageRadio.uasset" 1212
"C:/Users/User/Downloads/Parcial02/Content/VintageRadio/Materials/MI_VintageRadio.uexp" 1213
"C:/Users/User/Downloads/Parcial02/Content/VintageRadio/Meshes/SM_VintageRadio.ubulk" 1214
"C:/Users/User/Downloads/Parcial02/Content/VintageRadio/Meshes/SM_VintageRadio.uasset" 1215
"C:/Users/User/Downloads/Parcial02/Content/VintageRadio/Meshes/SM_VintageRadio.uexp" 1216
"C:/Users/User/Downloads/Parcial02/Content/VintageFactoryHangingLamp/Lights/Textures/T_ShowerHead_Brozne_ORM.ubulk" 1217
"C:/Users/User/Downloads/Parcial02/Content/VintageFactoryHangingLamp/Lights/Textures/T_ShowerHead_Brozne_ORM.uasset" 1218
"C:/Users/User/Downloads/Parcial02/Content/VintageFactoryHangingLamp/Lights/Textures/T_ShowerHead_Brozne_ORM.uexp" 1219
"C:/Users/User/Downloads/Parcial02/Content/VintageFactoryHangingLamp/Lights/Textures/T_ShowerHead_Brozne_Normal.ubulk" 1220
"C:/Users/User/Downloads/Parcial02/Content/VintageFactoryHangingLamp/Lights/Textures/T_ShowerHead_Brozne_Normal.uasset" 1221
"C:/Users/User/Downloads/Parcial02/Content/VintageFactoryHangingLamp/Lights/Textures/T_ShowerHead_Brozne_Normal.uexp" 1222
"C:/Users/User/Downloads/Parcial02/Content/VintageFactoryHangingLamp/Lights/Textures/T_ShowerHead_Brozne_BaseColor.ubulk" 1223
"C:/Users/User/Downloads/Parcial02/Content/VintageFactoryHangingLamp/Lights/Textures/T_ShowerHead_Brozne_BaseColor.uasset" 1224
"C:/Users/User/Downloads/Parcial02/Content/VintageFactoryHangingLamp/Lights/Textures/T_ShowerHead_Brozne_BaseColor.uexp" 1225
"C:/Users/User/Downloads/Parcial02/Content/VintageFactoryHangingLamp/Lights/Textures/T_SPipe_1M_Steel_ORM.ubulk" 1226
"C:/Users/User/Downloads/Parcial02/Content/VintageFactoryHangingLamp/Lights/Textures/T_SPipe_1M_Steel_ORM.uasset" 1227
"C:/Users/User/Downloads/Parcial02/Content/VintageFactoryHangingLamp/Lights/Textures/T_SPipe_1M_Steel_ORM.uexp" 1228
"C:/Users/User/Downloads/Parcial02/Content/VintageFactoryHangingLamp/Lights/Textures/T_SPipe_1M_Steel_Normal.ubulk" 1229
"C:/Users/User/Downloads/Parcial02/Content/VintageFactoryHangingLamp/Lights/Textures/T_SPipe_1M_Steel_Normal.uasset" 1230
"C:/Users/User/Downloads/Parcial02/Content/VintageFactoryHangingLamp/Lights/Textures/T_SPipe_1M_Steel_Normal.uexp" 1231
"C:/Users/User/Downloads/Parcial02/Content/VintageFactoryHangingLamp/Lights/Textures/T_SPipe_1M_Steel_BaseColor.ubulk" 1232
"C:/Users/User/Downloads/Parcial02/Content/VintageFactoryHangingLamp/Lights/Textures/T_SPipe_1M_Steel_BaseColor.uasset" 1233
"C:/Users/User/Downloads/Parcial02/Content/VintageFactoryHangingLamp/Lights/Textures/T_SPipe_1M_Steel_BaseColor.uexp" 1234
"C:/Users/User/Downloads/Parcial02/Content/VintageFactoryHangingLamp/Lights/Materials/M_ORM_S_Master.uasset" 1235
"C:/Users/User/Downloads/Parcial02/Content/VintageFactoryHangingLamp/Lights/Materials/M_ORM_S_Master.uexp" 1236
"C:/Users/User/Downloads/Parcial02/Content/VintageFactoryHangingLamp/Lights/Materials/MI_ShowerHead_Bronze.uasset" 1237
"C:/Users/User/Downloads/Parcial02/Content/VintageFactoryHangingLamp/Lights/Materials/MI_ShowerHead_Bronze.uexp" 1238
"C:/Users/User/Downloads/Parcial02/Content/VintageFactoryHangingLamp/Lights/Textures/T_LightB_Painted_Rusty_ORM.ubulk" 1239
"C:/Users/User/Downloads/Parcial02/Content/VintageFactoryHangingLamp/Lights/Textures/T_LightB_Painted_Rusty_ORM.uasset" 1240
"C:/Users/User/Downloads/Parcial02/Content/VintageFactoryHangingLamp/Lights/Textures/T_LightB_Painted_Rusty_ORM.uexp" 1241
"C:/Users/User/Downloads/Parcial02/Content/VintageFactoryHangingLamp/Lights/Textures/T_LightB_Painted_Rusty_Normal.ubulk" 1242
"C:/Users/User/Downloads/Parcial02/Content/VintageFactoryHangingLamp/Lights/Textures/T_LightB_Painted_Rusty_Normal.uasset" 1243
"C:/Users/User/Downloads/Parcial02/Content/VintageFactoryHangingLamp/Lights/Textures/T_LightB_Painted_Rusty_Normal.uexp" 1244
"C:/Users/User/Downloads/Parcial02/Content/VintageFactoryHangingLamp/Lights/Textures/T_LightB_Painted_Rusty_Mask.ubulk" 1245
"C:/Users/User/Downloads/Parcial02/Content/VintageFactoryHangingLamp/Lights/Textures/T_LightB_Painted_Rusty_Mask.uasset" 1246
"C:/Users/User/Downloads/Parcial02/Content/VintageFactoryHangingLamp/Lights/Textures/T_LightB_Painted_Rusty_Mask.uexp" 1247
"C:/Users/User/Downloads/Parcial02/Content/VintageFactoryHangingLamp/Lights/Textures/T_LightB_Painted_Rusty_BaseColor.ubulk" 1248
"C:/Users/User/Downloads/Parcial02/Content/VintageFactoryHangingLamp/Lights/Textures/T_LightB_Painted_Rusty_BaseColor.uasset" 1249
"C:/Users/User/Downloads/Parcial02/Content/VintageFactoryHangingLamp/Lights/Textures/T_LightB_Painted_Rusty_BaseColor.uexp" 1250
"C:/Users/User/Downloads/Parcial02/Content/VintageFactoryHangingLamp/Lights/Textures/T_LightA_Painted_ORM.ubulk" 1251
"C:/Users/User/Downloads/Parcial02/Content/VintageFactoryHangingLamp/Lights/Textures/T_LightA_Painted_ORM.uasset" 1252
"C:/Users/User/Downloads/Parcial02/Content/VintageFactoryHangingLamp/Lights/Textures/T_LightA_Painted_ORM.uexp" 1253
"C:/Users/User/Downloads/Parcial02/Content/VintageFactoryHangingLamp/Lights/Textures/T_LightA_Painted_Normal.ubulk" 1254
"C:/Users/User/Downloads/Parcial02/Content/VintageFactoryHangingLamp/Lights/Textures/T_LightA_Painted_Normal.uasset" 1255
"C:/Users/User/Downloads/Parcial02/Content/VintageFactoryHangingLamp/Lights/Textures/T_LightA_Painted_Normal.uexp" 1256
"C:/Users/User/Downloads/Parcial02/Content/VintageFactoryHangingLamp/Lights/Textures/T_LightA_Painted_Mask.ubulk" 1257
"C:/Users/User/Downloads/Parcial02/Content/VintageFactoryHangingLamp/Lights/Textures/T_LightA_Painted_Mask.uasset" 1258
"C:/Users/User/Downloads/Parcial02/Content/VintageFactoryHangingLamp/Lights/Textures/T_LightA_Painted_Mask.uexp" 1259
"C:/Users/User/Downloads/Parcial02/Content/VintageFactoryHangingLamp/Lights/Textures/T_LightA_Painted_BaseColor.ubulk" 1260
"C:/Users/User/Downloads/Parcial02/Content/VintageFactoryHangingLamp/Lights/Textures/T_LightA_Painted_BaseColor.uasset" 1261
"C:/Users/User/Downloads/Parcial02/Content/VintageFactoryHangingLamp/Lights/Textures/T_LightA_Painted_BaseColor.uexp" 1262
"C:/Users/User/Downloads/Parcial02/Content/VintageFactoryHangingLamp/Lights/Materials/M_Light_body_Painted.uasset" 1263
"C:/Users/User/Downloads/Parcial02/Content/VintageFactoryHangingLamp/Lights/Materials/M_Light_body_Painted.uexp" 1264
"C:/Users/User/Downloads/Parcial02/Content/VintageFactoryHangingLamp/Lights/Materials/MI_LightB_body_Painted_Rusty.uasset" 1265
"C:/Users/User/Downloads/Parcial02/Content/VintageFactoryHangingLamp/Lights/Materials/MI_LightB_body_Painted_Rusty.uexp" 1266
"C:/Users/User/Downloads/Parcial02/Content/VintageFactoryHangingLamp/Lights/Materials/M_lights.uasset" 1267
"C:/Users/User/Downloads/Parcial02/Content/VintageFactoryHangingLamp/Lights/Materials/M_lights.uexp" 1268
"C:/Users/User/Downloads/Parcial02/Content/VintageFactoryHangingLamp/Lights/Materials/MI_light.uasset" 1269
"C:/Users/User/Downloads/Parcial02/Content/VintageFactoryHangingLamp/Lights/Materials/MI_light.uexp" 1270
"C:/Users/User/Downloads/Parcial02/Content/VintageFactoryHangingLamp/Lights/Textures/T_LightA_Steel_Rusty_ORM.ubulk" 1271
"C:/Users/User/Downloads/Parcial02/Content/VintageFactoryHangingLamp/Lights/Textures/T_LightA_Steel_Rusty_ORM.uasset" 1272
"C:/Users/User/Downloads/Parcial02/Content/VintageFactoryHangingLamp/Lights/Textures/T_LightA_Steel_Rusty_ORM.uexp" 1273
"C:/Users/User/Downloads/Parcial02/Content/VintageFactoryHangingLamp/Lights/Textures/T_LightA_Steel_Rusty_Normal.ubulk" 1274
"C:/Users/User/Downloads/Parcial02/Content/VintageFactoryHangingLamp/Lights/Textures/T_LightA_Steel_Rusty_Normal.uasset" 1275
"C:/Users/User/Downloads/Parcial02/Content/VintageFactoryHangingLamp/Lights/Textures/T_LightA_Steel_Rusty_Normal.uexp" 1276
"C:/Users/User/Downloads/Parcial02/Content/VintageFactoryHangingLamp/Lights/Textures/T_LightA_Steel_Rusty_BaseColor.ubulk" 1277
"C:/Users/User/Downloads/Parcial02/Content/VintageFactoryHangingLamp/Lights/Textures/T_LightA_Steel_Rusty_BaseColor.uasset" 1278
"C:/Users/User/Downloads/Parcial02/Content/VintageFactoryHangingLamp/Lights/Textures/T_LightA_Steel_Rusty_BaseColor.uexp" 1279
"C:/Users/User/Downloads/Parcial02/Content/VintageFactoryHangingLamp/Lights/Materials/M_Light_body.uasset" 1280
"C:/Users/User/Downloads/Parcial02/Content/VintageFactoryHangingLamp/Lights/Materials/M_Light_body.uexp" 1281
"C:/Users/User/Downloads/Parcial02/Content/VintageFactoryHangingLamp/Lights/Materials/MI_LightA_Steel_Rusty.uasset" 1282
"C:/Users/User/Downloads/Parcial02/Content/VintageFactoryHangingLamp/Lights/Materials/MI_LightA_Steel_Rusty.uexp" 1283
"C:/Users/User/Downloads/Parcial02/Content/VintageFactoryHangingLamp/Lights/StaticMeshes/SM_LightPendant_Short.ubulk" 1284
"C:/Users/User/Downloads/Parcial02/Content/VintageFactoryHangingLamp/Lights/StaticMeshes/SM_LightPendant_Short.uasset" 1285
"C:/Users/User/Downloads/Parcial02/Content/VintageFactoryHangingLamp/Lights/StaticMeshes/SM_LightPendant_Short.uexp" 1286
"../../../Engine/Content/Functions/Engine_MaterialFunctions02/HueShift.uasset" 1287
"../../../Engine/Content/Functions/Engine_MaterialFunctions02/HueShift.uexp" 1288
"../../../Engine/Content/Functions/Engine_MaterialFunctions01/Gradient/LinearGradient.uasset" 1289
"../../../Engine/Content/Functions/Engine_MaterialFunctions01/Gradient/LinearGradient.uexp" 1290
"../../../Engine/Content/Functions/Engine_MaterialFunctions01/ImageAdjustment/CheapContrast.uasset" 1291
"../../../Engine/Content/Functions/Engine_MaterialFunctions01/ImageAdjustment/CheapContrast.uexp" 1292
"C:/Users/User/Downloads/Parcial02/Content/UnrealBucket/Textures/T_1x1_Normal.uasset" 1293
"C:/Users/User/Downloads/Parcial02/Content/UnrealBucket/Textures/T_1x1_Normal.uexp" 1294
"C:/Users/User/Downloads/Parcial02/Content/UnrealBucket/Textures/T_1x1_Mask.uasset" 1295
"C:/Users/User/Downloads/Parcial02/Content/UnrealBucket/Textures/T_1x1_Mask.uexp" 1296
"C:/Users/User/Downloads/Parcial02/Content/UnrealBucket/Textures/T_1x1_Albedo.uasset" 1297
"C:/Users/User/Downloads/Parcial02/Content/UnrealBucket/Textures/T_1x1_Albedo.uexp" 1298
"C:/Users/User/Downloads/Parcial02/Content/UnrealBucket/Materials/M_Master_PBR.uasset" 1299
"C:/Users/User/Downloads/Parcial02/Content/UnrealBucket/Materials/M_Master_PBR.uexp" 1300
"C:/Users/User/Downloads/Parcial02/Content/UnrealBucket/Library/ArchViz/Armchair/T_Armchair_Normal.ubulk" 1301
"C:/Users/User/Downloads/Parcial02/Content/UnrealBucket/Library/ArchViz/Armchair/T_Armchair_Normal.uasset" 1302
"C:/Users/User/Downloads/Parcial02/Content/UnrealBucket/Library/ArchViz/Armchair/T_Armchair_Normal.uexp" 1303
"C:/Users/User/Downloads/Parcial02/Content/UnrealBucket/Library/ArchViz/Armchair/T_Armchair_Mask.ubulk" 1304
"C:/Users/User/Downloads/Parcial02/Content/UnrealBucket/Library/ArchViz/Armchair/T_Armchair_Mask.uasset" 1305
"C:/Users/User/Downloads/Parcial02/Content/UnrealBucket/Library/ArchViz/Armchair/T_Armchair_Mask.uexp" 1306
"C:/Users/User/Downloads/Parcial02/Content/UnrealBucket/Library/ArchViz/Armchair/T_Armchair_Albedo.ubulk" 1307
"C:/Users/User/Downloads/Parcial02/Content/UnrealBucket/Library/ArchViz/Armchair/T_Armchair_Albedo.uasset" 1308
"C:/Users/User/Downloads/Parcial02/Content/UnrealBucket/Library/ArchViz/Armchair/T_Armchair_Albedo.uexp" 1309
"C:/Users/User/Downloads/Parcial02/Content/UnrealBucket/Library/ArchViz/Armchair/MI_Armchair.uasset" 1310
"C:/Users/User/Downloads/Parcial02/Content/UnrealBucket/Library/ArchViz/Armchair/MI_Armchair.uexp" 1311
"C:/Users/User/Downloads/Parcial02/Content/UnrealBucket/Library/ArchViz/Armchair/SM_ArmChair.ubulk" 1312
"C:/Users/User/Downloads/Parcial02/Content/UnrealBucket/Library/ArchViz/Armchair/SM_ArmChair.uasset" 1313
"C:/Users/User/Downloads/Parcial02/Content/UnrealBucket/Library/ArchViz/Armchair/SM_ArmChair.uexp" 1314
"C:/Users/User/Downloads/Parcial02/Content/UnrealBucket/Library/ArchViz/Chair_01/T_Chair_01_Normal.ubulk" 1315
"C:/Users/User/Downloads/Parcial02/Content/UnrealBucket/Library/ArchViz/Chair_01/T_Chair_01_Normal.uasset" 1316
"C:/Users/User/Downloads/Parcial02/Content/UnrealBucket/Library/ArchViz/Chair_01/T_Chair_01_Normal.uexp" 1317
"C:/Users/User/Downloads/Parcial02/Content/UnrealBucket/Library/ArchViz/Chair_01/T_Chair_01_Mask.ubulk" 1318
"C:/Users/User/Downloads/Parcial02/Content/UnrealBucket/Library/ArchViz/Chair_01/T_Chair_01_Mask.uasset" 1319
"C:/Users/User/Downloads/Parcial02/Content/UnrealBucket/Library/ArchViz/Chair_01/T_Chair_01_Mask.uexp" 1320
"C:/Users/User/Downloads/Parcial02/Content/UnrealBucket/Library/ArchViz/Chair_01/T_Chair_01_Albedo.ubulk" 1321
"C:/Users/User/Downloads/Parcial02/Content/UnrealBucket/Library/ArchViz/Chair_01/T_Chair_01_Albedo.uasset" 1322
"C:/Users/User/Downloads/Parcial02/Content/UnrealBucket/Library/ArchViz/Chair_01/T_Chair_01_Albedo.uexp" 1323
"C:/Users/User/Downloads/Parcial02/Content/UnrealBucket/Library/ArchViz/Chair_01/MI_Chair.uasset" 1324
"C:/Users/User/Downloads/Parcial02/Content/UnrealBucket/Library/ArchViz/Chair_01/MI_Chair.uexp" 1325
"C:/Users/User/Downloads/Parcial02/Content/UnrealBucket/Library/ArchViz/Chair_01/SM_Chair_01.ubulk" 1326
"C:/Users/User/Downloads/Parcial02/Content/UnrealBucket/Library/ArchViz/Chair_01/SM_Chair_01.uasset" 1327
"C:/Users/User/Downloads/Parcial02/Content/UnrealBucket/Library/ArchViz/Chair_01/SM_Chair_01.uexp" 1328
"C:/Users/User/Downloads/Parcial02/Content/UnrealBucket/Library/ArchViz/Chandelier_01/T_Chandelier_01_Normal.ubulk" 1329
"C:/Users/User/Downloads/Parcial02/Content/UnrealBucket/Library/ArchViz/Chandelier_01/T_Chandelier_01_Normal.uasset" 1330
"C:/Users/User/Downloads/Parcial02/Content/UnrealBucket/Library/ArchViz/Chandelier_01/T_Chandelier_01_Normal.uexp" 1331
"C:/Users/User/Downloads/Parcial02/Content/UnrealBucket/Library/ArchViz/Chandelier_01/T_Chandelier_01_Mask.ubulk" 1332
"C:/Users/User/Downloads/Parcial02/Content/UnrealBucket/Library/ArchViz/Chandelier_01/T_Chandelier_01_Mask.uasset" 1333
"C:/Users/User/Downloads/Parcial02/Content/UnrealBucket/Library/ArchViz/Chandelier_01/T_Chandelier_01_Mask.uexp" 1334
"C:/Users/User/Downloads/Parcial02/Content/UnrealBucket/Library/ArchViz/Chandelier_01/T_Chandelier_01_Emissive.ubulk" 1335
"C:/Users/User/Downloads/Parcial02/Content/UnrealBucket/Library/ArchViz/Chandelier_01/T_Chandelier_01_Emissive.uasset" 1336
"C:/Users/User/Downloads/Parcial02/Content/UnrealBucket/Library/ArchViz/Chandelier_01/T_Chandelier_01_Emissive.uexp" 1337
"C:/Users/User/Downloads/Parcial02/Content/UnrealBucket/Library/ArchViz/Chandelier_01/T_Chandelier_01_Albedo.ubulk" 1338
"C:/Users/User/Downloads/Parcial02/Content/UnrealBucket/Library/ArchViz/Chandelier_01/T_Chandelier_01_Albedo.uasset" 1339
"C:/Users/User/Downloads/Parcial02/Content/UnrealBucket/Library/ArchViz/Chandelier_01/T_Chandelier_01_Albedo.uexp" 1340
"C:/Users/User/Downloads/Parcial02/Content/UnrealBucket/Library/ArchViz/Chandelier_01/MI_Chandelier.uasset" 1341
"C:/Users/User/Downloads/Parcial02/Content/UnrealBucket/Library/ArchViz/Chandelier_01/MI_Chandelier.uexp" 1342
"C:/Users/User/Downloads/Parcial02/Content/UnrealBucket/Materials/M_Master_EmissiveSimple.uasset" 1343
"C:/Users/User/Downloads/Parcial02/Content/UnrealBucket/Materials/M_Master_EmissiveSimple.uexp" 1344
"C:/Users/User/Downloads/Parcial02/Content/UnrealBucket/Library/ArchViz/Chandelier_01/MI_Bulb.uasset" 1345
"C:/Users/User/Downloads/Parcial02/Content/UnrealBucket/Library/ArchViz/Chandelier_01/MI_Bulb.uexp" 1346
"C:/Users/User/Downloads/Parcial02/Content/UnrealBucket/Library/ArchViz/Chandelier_01/SM_Chandelier_01.ubulk" 1347
"C:/Users/User/Downloads/Parcial02/Content/UnrealBucket/Library/ArchViz/Chandelier_01/SM_Chandelier_01.uasset" 1348
"C:/Users/User/Downloads/Parcial02/Content/UnrealBucket/Library/ArchViz/Chandelier_01/SM_Chandelier_01.uexp" 1349
"C:/Users/User/Downloads/Parcial02/Content/UnrealBucket/Library/ArchViz/ClassicConsole/T_ClassicConsole_Normal.ubulk" 1350
"C:/Users/User/Downloads/Parcial02/Content/UnrealBucket/Library/ArchViz/ClassicConsole/T_ClassicConsole_Normal.uasset" 1351
"C:/Users/User/Downloads/Parcial02/Content/UnrealBucket/Library/ArchViz/ClassicConsole/T_ClassicConsole_Normal.uexp" 1352
"C:/Users/User/Downloads/Parcial02/Content/UnrealBucket/Library/ArchViz/ClassicConsole/T_ClassicConsole_Mask.ubulk" 1353
"C:/Users/User/Downloads/Parcial02/Content/UnrealBucket/Library/ArchViz/ClassicConsole/T_ClassicConsole_Mask.uasset" 1354
"C:/Users/User/Downloads/Parcial02/Content/UnrealBucket/Library/ArchViz/ClassicConsole/T_ClassicConsole_Mask.uexp" 1355
"C:/Users/User/Downloads/Parcial02/Content/UnrealBucket/Library/ArchViz/ClassicConsole/T_ClassicConsole_Albedo.ubulk" 1356
"C:/Users/User/Downloads/Parcial02/Content/UnrealBucket/Library/ArchViz/ClassicConsole/T_ClassicConsole_Albedo.uasset" 1357
"C:/Users/User/Downloads/Parcial02/Content/UnrealBucket/Library/ArchViz/ClassicConsole/T_ClassicConsole_Albedo.uexp" 1358
"C:/Users/User/Downloads/Parcial02/Content/UnrealBucket/Library/ArchViz/ClassicConsole/MI_ClassicConsole.uasset" 1359
"C:/Users/User/Downloads/Parcial02/Content/UnrealBucket/Library/ArchViz/ClassicConsole/MI_ClassicConsole.uexp" 1360
"C:/Users/User/Downloads/Parcial02/Content/UnrealBucket/Library/ArchViz/ClassicConsole/SM_ClassicConsole.ubulk" 1361
"C:/Users/User/Downloads/Parcial02/Content/UnrealBucket/Library/ArchViz/ClassicConsole/SM_ClassicConsole.uasset" 1362
"C:/Users/User/Downloads/Parcial02/Content/UnrealBucket/Library/ArchViz/ClassicConsole/SM_ClassicConsole.uexp" 1363
"C:/Users/User/Downloads/Parcial02/Content/UnrealBucket/Library/ArchViz/DiningChair/T_DiningChair_Normal.ubulk" 1364
"C:/Users/User/Downloads/Parcial02/Content/UnrealBucket/Library/ArchViz/DiningChair/T_DiningChair_Normal.uasset" 1365
"C:/Users/User/Downloads/Parcial02/Content/UnrealBucket/Library/ArchViz/DiningChair/T_DiningChair_Normal.uexp" 1366
"C:/Users/User/Downloads/Parcial02/Content/UnrealBucket/Library/ArchViz/DiningChair/T_DiningChair_Mask.ubulk" 1367
"C:/Users/User/Downloads/Parcial02/Content/UnrealBucket/Library/ArchViz/DiningChair/T_DiningChair_Mask.uasset" 1368
"C:/Users/User/Downloads/Parcial02/Content/UnrealBucket/Library/ArchViz/DiningChair/T_DiningChair_Mask.uexp" 1369
"C:/Users/User/Downloads/Parcial02/Content/UnrealBucket/Library/ArchViz/DiningChair/T_DiningChair_Albedo.ubulk" 1370
"C:/Users/User/Downloads/Parcial02/Content/UnrealBucket/Library/ArchViz/DiningChair/T_DiningChair_Albedo.uasset" 1371
"C:/Users/User/Downloads/Parcial02/Content/UnrealBucket/Library/ArchViz/DiningChair/T_DiningChair_Albedo.uexp" 1372
"C:/Users/User/Downloads/Parcial02/Content/UnrealBucket/Library/ArchViz/DiningChair/MI_DiningChair.uasset" 1373
"C:/Users/User/Downloads/Parcial02/Content/UnrealBucket/Library/ArchViz/DiningChair/MI_DiningChair.uexp" 1374
"C:/Users/User/Downloads/Parcial02/Content/UnrealBucket/Library/ArchViz/DiningChair/SM_DiningChair.ubulk" 1375
"C:/Users/User/Downloads/Parcial02/Content/UnrealBucket/Library/ArchViz/DiningChair/SM_DiningChair.uasset" 1376
"C:/Users/User/Downloads/Parcial02/Content/UnrealBucket/Library/ArchViz/DiningChair/SM_DiningChair.uexp" 1377
"C:/Users/User/Downloads/Parcial02/Content/UnrealBucket/Library/ArchViz/GothicBed_01/T_GothicBed_01_Normal.ubulk" 1378
"C:/Users/User/Downloads/Parcial02/Content/UnrealBucket/Library/ArchViz/GothicBed_01/T_GothicBed_01_Normal.uasset" 1379
"C:/Users/User/Downloads/Parcial02/Content/UnrealBucket/Library/ArchViz/GothicBed_01/T_GothicBed_01_Normal.uexp" 1380
"C:/Users/User/Downloads/Parcial02/Content/UnrealBucket/Library/ArchViz/GothicBed_01/T_GothicBed_01_Mask.ubulk" 1381
"C:/Users/User/Downloads/Parcial02/Content/UnrealBucket/Library/ArchViz/GothicBed_01/T_GothicBed_01_Mask.uasset" 1382
"C:/Users/User/Downloads/Parcial02/Content/UnrealBucket/Library/ArchViz/GothicBed_01/T_GothicBed_01_Mask.uexp" 1383
"C:/Users/User/Downloads/Parcial02/Content/UnrealBucket/Library/ArchViz/GothicBed_01/T_GothicBed_01_Albedo.ubulk" 1384
"C:/Users/User/Downloads/Parcial02/Content/UnrealBucket/Library/ArchViz/GothicBed_01/T_GothicBed_01_Albedo.uasset" 1385
"C:/Users/User/Downloads/Parcial02/Content/UnrealBucket/Library/ArchViz/GothicBed_01/T_GothicBed_01_Albedo.uexp" 1386
"C:/Users/User/Downloads/Parcial02/Content/UnrealBucket/Library/ArchViz/GothicBed_01/MI_GothicBed.uasset" 1387
"C:/Users/User/Downloads/Parcial02/Content/UnrealBucket/Library/ArchViz/GothicBed_01/MI_GothicBed.uexp" 1388
"C:/Users/User/Downloads/Parcial02/Content/UnrealBucket/Library/ArchViz/GothicBed_01/SM_GothicBed_01.ubulk" 1389
"C:/Users/User/Downloads/Parcial02/Content/UnrealBucket/Library/ArchViz/GothicBed_01/SM_GothicBed_01.uasset" 1390
"C:/Users/User/Downloads/Parcial02/Content/UnrealBucket/Library/ArchViz/GothicBed_01/SM_GothicBed_01.uexp" 1391
"C:/Users/User/Downloads/Parcial02/Content/UnrealBucket/Library/ArchViz/GothicCommode_01/T_GothicCommode_01_Normal.ubulk" 1392
"C:/Users/User/Downloads/Parcial02/Content/UnrealBucket/Library/ArchViz/GothicCommode_01/T_GothicCommode_01_Normal.uasset" 1393
"C:/Users/User/Downloads/Parcial02/Content/UnrealBucket/Library/ArchViz/GothicCommode_01/T_GothicCommode_01_Normal.uexp" 1394
"C:/Users/User/Downloads/Parcial02/Content/UnrealBucket/Library/ArchViz/GothicCommode_01/T_GothicCommode_01_Mask.ubulk" 1395
"C:/Users/User/Downloads/Parcial02/Content/UnrealBucket/Library/ArchViz/GothicCommode_01/T_GothicCommode_01_Mask.uasset" 1396
"C:/Users/User/Downloads/Parcial02/Content/UnrealBucket/Library/ArchViz/GothicCommode_01/T_GothicCommode_01_Mask.uexp" 1397
"C:/Users/User/Downloads/Parcial02/Content/UnrealBucket/Library/ArchViz/GothicCommode_01/T_GothicCommode_01_Albedo.ubulk" 1398
"C:/Users/User/Downloads/Parcial02/Content/UnrealBucket/Library/ArchViz/GothicCommode_01/T_GothicCommode_01_Albedo.uasset" 1399
"C:/Users/User/Downloads/Parcial02/Content/UnrealBucket/Library/ArchViz/GothicCommode_01/T_GothicCommode_01_Albedo.uexp" 1400
"C:/Users/User/Downloads/Parcial02/Content/UnrealBucket/Library/ArchViz/GothicCommode_01/MI_GothicCommode_01.uasset" 1401
"C:/Users/User/Downloads/Parcial02/Content/UnrealBucket/Library/ArchViz/GothicCommode_01/MI_GothicCommode_01.uexp" 1402
"C:/Users/User/Downloads/Parcial02/Content/UnrealBucket/Library/ArchViz/GothicCommode_01/SM_GothicCommode_01_A.ubulk" 1403
"C:/Users/User/Downloads/Parcial02/Content/UnrealBucket/Library/ArchViz/GothicCommode_01/SM_GothicCommode_01_A.uasset" 1404
"C:/Users/User/Downloads/Parcial02/Content/UnrealBucket/Library/ArchViz/GothicCommode_01/SM_GothicCommode_01_A.uexp" 1405
"C:/Users/User/Downloads/Parcial02/Content/UnrealBucket/Library/ArchViz/GothicCommode_01/SM_GothicCommode_01_B.ubulk" 1406
"C:/Users/User/Downloads/Parcial02/Content/UnrealBucket/Library/ArchViz/GothicCommode_01/SM_GothicCommode_01_B.uasset" 1407
"C:/Users/User/Downloads/Parcial02/Content/UnrealBucket/Library/ArchViz/GothicCommode_01/SM_GothicCommode_01_B.uexp" 1408
"C:/Users/User/Downloads/Parcial02/Content/UnrealBucket/Library/ArchViz/Nightstand_01/T_Nightstand_01_Normal.ubulk" 1409
"C:/Users/User/Downloads/Parcial02/Content/UnrealBucket/Library/ArchViz/Nightstand_01/T_Nightstand_01_Normal.uasset" 1410
"C:/Users/User/Downloads/Parcial02/Content/UnrealBucket/Library/ArchViz/Nightstand_01/T_Nightstand_01_Normal.uexp" 1411
"C:/Users/User/Downloads/Parcial02/Content/UnrealBucket/Library/ArchViz/Nightstand_01/T_Nightstand_01_Mask.ubulk" 1412
"C:/Users/User/Downloads/Parcial02/Content/UnrealBucket/Library/ArchViz/Nightstand_01/T_Nightstand_01_Mask.uasset" 1413
"C:/Users/User/Downloads/Parcial02/Content/UnrealBucket/Library/ArchViz/Nightstand_01/T_Nightstand_01_Mask.uexp" 1414
"C:/Users/User/Downloads/Parcial02/Content/UnrealBucket/Library/ArchViz/Nightstand_01/T_Nightstand_01_Albedo.ubulk" 1415
"C:/Users/User/Downloads/Parcial02/Content/UnrealBucket/Library/ArchViz/Nightstand_01/T_Nightstand_01_Albedo.uasset" 1416
"C:/Users/User/Downloads/Parcial02/Content/UnrealBucket/Library/ArchViz/Nightstand_01/T_Nightstand_01_Albedo.uexp" 1417
"C:/Users/User/Downloads/Parcial02/Content/UnrealBucket/Library/ArchViz/Nightstand_01/MI_Nightstand.uasset" 1418
"C:/Users/User/Downloads/Parcial02/Content/UnrealBucket/Library/ArchViz/Nightstand_01/MI_Nightstand.uexp" 1419
"C:/Users/User/Downloads/Parcial02/Content/UnrealBucket/Library/ArchViz/Nightstand_01/SM_Nightstand_01.ubulk" 1420
"C:/Users/User/Downloads/Parcial02/Content/UnrealBucket/Library/ArchViz/Nightstand_01/SM_Nightstand_01.uasset" 1421
"C:/Users/User/Downloads/Parcial02/Content/UnrealBucket/Library/ArchViz/Nightstand_01/SM_Nightstand_01.uexp" 1422
"C:/Users/User/Downloads/Parcial02/Content/UnrealBucket/Library/ArchViz/OrnateMirror/T_OrnateMirror_Normal.ubulk" 1423
"C:/Users/User/Downloads/Parcial02/Content/UnrealBucket/Library/ArchViz/OrnateMirror/T_OrnateMirror_Normal.uasset" 1424
"C:/Users/User/Downloads/Parcial02/Content/UnrealBucket/Library/ArchViz/OrnateMirror/T_OrnateMirror_Normal.uexp" 1425
"C:/Users/User/Downloads/Parcial02/Content/UnrealBucket/Library/ArchViz/OrnateMirror/T_OrnateMirror_Mask.ubulk" 1426
"C:/Users/User/Downloads/Parcial02/Content/UnrealBucket/Library/ArchViz/OrnateMirror/T_OrnateMirror_Mask.uasset" 1427
"C:/Users/User/Downloads/Parcial02/Content/UnrealBucket/Library/ArchViz/OrnateMirror/T_OrnateMirror_Mask.uexp" 1428
"C:/Users/User/Downloads/Parcial02/Content/UnrealBucket/Library/ArchViz/OrnateMirror/T_OrnateMirror_Albedo.ubulk" 1429
"C:/Users/User/Downloads/Parcial02/Content/UnrealBucket/Library/ArchViz/OrnateMirror/T_OrnateMirror_Albedo.uasset" 1430
"C:/Users/User/Downloads/Parcial02/Content/UnrealBucket/Library/ArchViz/OrnateMirror/T_OrnateMirror_Albedo.uexp" 1431
"C:/Users/User/Downloads/Parcial02/Content/UnrealBucket/Library/ArchViz/OrnateMirror/M_OrnateMirror.uasset" 1432
"C:/Users/User/Downloads/Parcial02/Content/UnrealBucket/Library/ArchViz/OrnateMirror/M_OrnateMirror.uexp" 1433
"C:/Users/User/Downloads/Parcial02/Content/UnrealBucket/Library/ArchViz/OrnateMirror/MI_OrnateMirror.uasset" 1434
"C:/Users/User/Downloads/Parcial02/Content/UnrealBucket/Library/ArchViz/OrnateMirror/MI_OrnateMirror.uexp" 1435
"C:/Users/User/Downloads/Parcial02/Content/UnrealBucket/Library/ArchViz/OrnateMirror/SM_OrnateMirror.ubulk" 1436
"C:/Users/User/Downloads/Parcial02/Content/UnrealBucket/Library/ArchViz/OrnateMirror/SM_OrnateMirror.uasset" 1437
"C:/Users/User/Downloads/Parcial02/Content/UnrealBucket/Library/ArchViz/OrnateMirror/SM_OrnateMirror.uexp" 1438
"C:/Users/User/Downloads/Parcial02/Content/UnrealBucket/Library/ArchViz/VictorianArmchair/T_VictorianArmchair_Normal.ubulk" 1439
"C:/Users/User/Downloads/Parcial02/Content/UnrealBucket/Library/ArchViz/VictorianArmchair/T_VictorianArmchair_Normal.uasset" 1440
"C:/Users/User/Downloads/Parcial02/Content/UnrealBucket/Library/ArchViz/VictorianArmchair/T_VictorianArmchair_Normal.uexp" 1441
"C:/Users/User/Downloads/Parcial02/Content/UnrealBucket/Library/ArchViz/VictorianArmchair/T_VictorianArmchair_Mask.ubulk" 1442
"C:/Users/User/Downloads/Parcial02/Content/UnrealBucket/Library/ArchViz/VictorianArmchair/T_VictorianArmchair_Mask.uasset" 1443
"C:/Users/User/Downloads/Parcial02/Content/UnrealBucket/Library/ArchViz/VictorianArmchair/T_VictorianArmchair_Mask.uexp" 1444
"C:/Users/User/Downloads/Parcial02/Content/UnrealBucket/Library/ArchViz/VictorianArmchair/T_VictorianArmchair_Albedo.ubulk" 1445
"C:/Users/User/Downloads/Parcial02/Content/UnrealBucket/Library/ArchViz/VictorianArmchair/T_VictorianArmchair_Albedo.uasset" 1446
"C:/Users/User/Downloads/Parcial02/Content/UnrealBucket/Library/ArchViz/VictorianArmchair/T_VictorianArmchair_Albedo.uexp" 1447
"C:/Users/User/Downloads/Parcial02/Content/UnrealBucket/Library/ArchViz/VictorianArmchair/MI_VictorianArmchair.uasset" 1448
"C:/Users/User/Downloads/Parcial02/Content/UnrealBucket/Library/ArchViz/VictorianArmchair/MI_VictorianArmchair.uexp" 1449
"C:/Users/User/Downloads/Parcial02/Content/UnrealBucket/Library/ArchViz/VictorianArmchair/SM_VictorianArmchair.ubulk" 1450
"C:/Users/User/Downloads/Parcial02/Content/UnrealBucket/Library/ArchViz/VictorianArmchair/SM_VictorianArmchair.uasset" 1451
"C:/Users/User/Downloads/Parcial02/Content/UnrealBucket/Library/ArchViz/VictorianArmchair/SM_VictorianArmchair.uexp" 1452
"C:/Users/User/Downloads/Parcial02/Content/UnrealBucket/Library/ArchViz/VictorianSofa/T_VictorianSofa_Normal.ubulk" 1453
"C:/Users/User/Downloads/Parcial02/Content/UnrealBucket/Library/ArchViz/VictorianSofa/T_VictorianSofa_Normal.uasset" 1454
"C:/Users/User/Downloads/Parcial02/Content/UnrealBucket/Library/ArchViz/VictorianSofa/T_VictorianSofa_Normal.uexp" 1455
"C:/Users/User/Downloads/Parcial02/Content/UnrealBucket/Library/ArchViz/VictorianSofa/T_VictorianSofa_Mask.ubulk" 1456
"C:/Users/User/Downloads/Parcial02/Content/UnrealBucket/Library/ArchViz/VictorianSofa/T_VictorianSofa_Mask.uasset" 1457
"C:/Users/User/Downloads/Parcial02/Content/UnrealBucket/Library/ArchViz/VictorianSofa/T_VictorianSofa_Mask.uexp" 1458
"C:/Users/User/Downloads/Parcial02/Content/UnrealBucket/Library/ArchViz/VictorianSofa/T_VictorianSofa_Albedo.ubulk" 1459
"C:/Users/User/Downloads/Parcial02/Content/UnrealBucket/Library/ArchViz/VictorianSofa/T_VictorianSofa_Albedo.uasset" 1460
"C:/Users/User/Downloads/Parcial02/Content/UnrealBucket/Library/ArchViz/VictorianSofa/T_VictorianSofa_Albedo.uexp" 1461
"C:/Users/User/Downloads/Parcial02/Content/UnrealBucket/Library/ArchViz/VictorianSofa/MI_VictorianSofa.uasset" 1462
"C:/Users/User/Downloads/Parcial02/Content/UnrealBucket/Library/ArchViz/VictorianSofa/MI_VictorianSofa.uexp" 1463
"C:/Users/User/Downloads/Parcial02/Content/UnrealBucket/Library/ArchViz/VictorianSofa/SM_VictorianSofa.ubulk" 1464
"C:/Users/User/Downloads/Parcial02/Content/UnrealBucket/Library/ArchViz/VictorianSofa/SM_VictorianSofa.uasset" 1465
"C:/Users/User/Downloads/Parcial02/Content/UnrealBucket/Library/ArchViz/VictorianSofa/SM_VictorianSofa.uexp" 1466
"C:/Users/User/Downloads/Parcial02/Content/UnrealBucket/Library/Industrial/FireExtinguisher/T_FireExtinguisher_Normal.ubulk" 1467
"C:/Users/User/Downloads/Parcial02/Content/UnrealBucket/Library/Industrial/FireExtinguisher/T_FireExtinguisher_Normal.uasset" 1468
"C:/Users/User/Downloads/Parcial02/Content/UnrealBucket/Library/Industrial/FireExtinguisher/T_FireExtinguisher_Normal.uexp" 1469
"C:/Users/User/Downloads/Parcial02/Content/UnrealBucket/Library/Industrial/FireExtinguisher/T_FireExtinguisher_Mask.ubulk" 1470
"C:/Users/User/Downloads/Parcial02/Content/UnrealBucket/Library/Industrial/FireExtinguisher/T_FireExtinguisher_Mask.uasset" 1471
"C:/Users/User/Downloads/Parcial02/Content/UnrealBucket/Library/Industrial/FireExtinguisher/T_FireExtinguisher_Mask.uexp" 1472
"C:/Users/User/Downloads/Parcial02/Content/UnrealBucket/Library/Industrial/FireExtinguisher/T_FireExtinguisher_Albedo.ubulk" 1473
"C:/Users/User/Downloads/Parcial02/Content/UnrealBucket/Library/Industrial/FireExtinguisher/T_FireExtinguisher_Albedo.uasset" 1474
"C:/Users/User/Downloads/Parcial02/Content/UnrealBucket/Library/Industrial/FireExtinguisher/T_FireExtinguisher_Albedo.uexp" 1475
"C:/Users/User/Downloads/Parcial02/Content/UnrealBucket/Library/Industrial/FireExtinguisher/MI_FireExtinguisher.uasset" 1476
"C:/Users/User/Downloads/Parcial02/Content/UnrealBucket/Library/Industrial/FireExtinguisher/MI_FireExtinguisher.uexp" 1477
"C:/Users/User/Downloads/Parcial02/Content/UnrealBucket/Library/Industrial/FireExtinguisher/SM_FireExtinguisher.ubulk" 1478
"C:/Users/User/Downloads/Parcial02/Content/UnrealBucket/Library/Industrial/FireExtinguisher/SM_FireExtinguisher.uasset" 1479
"C:/Users/User/Downloads/Parcial02/Content/UnrealBucket/Library/Industrial/FireExtinguisher/SM_FireExtinguisher.uexp" 1480
"C:/Users/User/Downloads/Parcial02/Content/UnrealBucket/Library/Various/Canteen/T_Canteen_Normal.ubulk" 1481
"C:/Users/User/Downloads/Parcial02/Content/UnrealBucket/Library/Various/Canteen/T_Canteen_Normal.uasset" 1482
"C:/Users/User/Downloads/Parcial02/Content/UnrealBucket/Library/Various/Canteen/T_Canteen_Normal.uexp" 1483
"C:/Users/User/Downloads/Parcial02/Content/UnrealBucket/Library/Various/Canteen/T_Canteen_Mask.ubulk" 1484
"C:/Users/User/Downloads/Parcial02/Content/UnrealBucket/Library/Various/Canteen/T_Canteen_Mask.uasset" 1485
"C:/Users/User/Downloads/Parcial02/Content/UnrealBucket/Library/Various/Canteen/T_Canteen_Mask.uexp" 1486
"C:/Users/User/Downloads/Parcial02/Content/UnrealBucket/Library/Various/Canteen/T_Canteen_Albedo.ubulk" 1487
"C:/Users/User/Downloads/Parcial02/Content/UnrealBucket/Library/Various/Canteen/T_Canteen_Albedo.uasset" 1488
"C:/Users/User/Downloads/Parcial02/Content/UnrealBucket/Library/Various/Canteen/T_Canteen_Albedo.uexp" 1489
"C:/Users/User/Downloads/Parcial02/Content/UnrealBucket/Library/Various/Canteen/MI_Canteen.uasset" 1490
"C:/Users/User/Downloads/Parcial02/Content/UnrealBucket/Library/Various/Canteen/MI_Canteen.uexp" 1491
"C:/Users/User/Downloads/Parcial02/Content/UnrealBucket/Library/Various/Canteen/SM_Canteen.ubulk" 1492
"C:/Users/User/Downloads/Parcial02/Content/UnrealBucket/Library/Various/Canteen/SM_Canteen.uasset" 1493
"C:/Users/User/Downloads/Parcial02/Content/UnrealBucket/Library/Various/Canteen/SM_Canteen.uexp" 1494
"C:/Users/User/Downloads/Parcial02/Content/UnrealBucket/Library/Various/GrandfatherClock/T_GrandfatherClock_Normal.ubulk" 1495
"C:/Users/User/Downloads/Parcial02/Content/UnrealBucket/Library/Various/GrandfatherClock/T_GrandfatherClock_Normal.uasset" 1496
"C:/Users/User/Downloads/Parcial02/Content/UnrealBucket/Library/Various/GrandfatherClock/T_GrandfatherClock_Normal.uexp" 1497
"C:/Users/User/Downloads/Parcial02/Content/UnrealBucket/Library/Various/GrandfatherClock/T_GrandfatherClock_Mask.ubulk" 1498
"C:/Users/User/Downloads/Parcial02/Content/UnrealBucket/Library/Various/GrandfatherClock/T_GrandfatherClock_Mask.uasset" 1499
"C:/Users/User/Downloads/Parcial02/Content/UnrealBucket/Library/Various/GrandfatherClock/T_GrandfatherClock_Mask.uexp" 1500
"C:/Users/User/Downloads/Parcial02/Content/UnrealBucket/Library/Various/GrandfatherClock/T_GrandfatherClock_Albedo.ubulk" 1501
"C:/Users/User/Downloads/Parcial02/Content/UnrealBucket/Library/Various/GrandfatherClock/T_GrandfatherClock_Albedo.uasset" 1502
"C:/Users/User/Downloads/Parcial02/Content/UnrealBucket/Library/Various/GrandfatherClock/T_GrandfatherClock_Albedo.uexp" 1503
"C:/Users/User/Downloads/Parcial02/Content/UnrealBucket/Library/Various/GrandfatherClock/MI_GrandfatherClock.uasset" 1504
"C:/Users/User/Downloads/Parcial02/Content/UnrealBucket/Library/Various/GrandfatherClock/MI_GrandfatherClock.uexp" 1505
"C:/Users/User/Downloads/Parcial02/Content/UnrealBucket/Materials/M_Master_Translucent.uasset" 1506
"C:/Users/User/Downloads/Parcial02/Content/UnrealBucket/Materials/M_Master_Translucent.uexp" 1507
"C:/Users/User/Downloads/Parcial02/Content/UnrealBucket/Library/Various/GrandfatherClock/MI_Glass.uasset" 1508
"C:/Users/User/Downloads/Parcial02/Content/UnrealBucket/Library/Various/GrandfatherClock/MI_Glass.uexp" 1509
"C:/Users/User/Downloads/Parcial02/Content/UnrealBucket/Library/Various/GrandfatherClock/SM_GrandfatherClock_Body.ubulk" 1510
"C:/Users/User/Downloads/Parcial02/Content/UnrealBucket/Library/Various/GrandfatherClock/SM_GrandfatherClock_Body.uasset" 1511
"C:/Users/User/Downloads/Parcial02/Content/UnrealBucket/Library/Various/GrandfatherClock/SM_GrandfatherClock_Body.uexp" 1512
"C:/Users/User/Downloads/Parcial02/Content/UnrealBucket/Library/Various/Phonograph/T_Phonograph_Stand_Normal.ubulk" 1513
"C:/Users/User/Downloads/Parcial02/Content/UnrealBucket/Library/Various/Phonograph/T_Phonograph_Stand_Normal.uasset" 1514
"C:/Users/User/Downloads/Parcial02/Content/UnrealBucket/Library/Various/Phonograph/T_Phonograph_Stand_Normal.uexp" 1515
"C:/Users/User/Downloads/Parcial02/Content/UnrealBucket/Library/Various/Phonograph/T_Phonograph_Stand_Mask.ubulk" 1516
"C:/Users/User/Downloads/Parcial02/Content/UnrealBucket/Library/Various/Phonograph/T_Phonograph_Stand_Mask.uasset" 1517
"C:/Users/User/Downloads/Parcial02/Content/UnrealBucket/Library/Various/Phonograph/T_Phonograph_Stand_Mask.uexp" 1518
"C:/Users/User/Downloads/Parcial02/Content/UnrealBucket/Library/Various/Phonograph/T_Phonograph_Stand_Albedo.ubulk" 1519
"C:/Users/User/Downloads/Parcial02/Content/UnrealBucket/Library/Various/Phonograph/T_Phonograph_Stand_Albedo.uasset" 1520
"C:/Users/User/Downloads/Parcial02/Content/UnrealBucket/Library/Various/Phonograph/T_Phonograph_Stand_Albedo.uexp" 1521
"C:/Users/User/Downloads/Parcial02/Content/UnrealBucket/Library/Various/Phonograph/MI_Phonograph_Stand.uasset" 1522
"C:/Users/User/Downloads/Parcial02/Content/UnrealBucket/Library/Various/Phonograph/MI_Phonograph_Stand.uexp" 1523
"C:/Users/User/Downloads/Parcial02/Content/UnrealBucket/Library/Various/Phonograph/T_Phonograph_Normal.ubulk" 1524
"C:/Users/User/Downloads/Parcial02/Content/UnrealBucket/Library/Various/Phonograph/T_Phonograph_Normal.uasset" 1525
"C:/Users/User/Downloads/Parcial02/Content/UnrealBucket/Library/Various/Phonograph/T_Phonograph_Normal.uexp" 1526
"C:/Users/User/Downloads/Parcial02/Content/UnrealBucket/Library/Various/Phonograph/T_Phonograph_Mask.ubulk" 1527
"C:/Users/User/Downloads/Parcial02/Content/UnrealBucket/Library/Various/Phonograph/T_Phonograph_Mask.uasset" 1528
"C:/Users/User/Downloads/Parcial02/Content/UnrealBucket/Library/Various/Phonograph/T_Phonograph_Mask.uexp" 1529
"C:/Users/User/Downloads/Parcial02/Content/UnrealBucket/Library/Various/Phonograph/T_Phonograph_Albedo.ubulk" 1530
"C:/Users/User/Downloads/Parcial02/Content/UnrealBucket/Library/Various/Phonograph/T_Phonograph_Albedo.uasset" 1531
"C:/Users/User/Downloads/Parcial02/Content/UnrealBucket/Library/Various/Phonograph/T_Phonograph_Albedo.uexp" 1532
"C:/Users/User/Downloads/Parcial02/Content/UnrealBucket/Library/Various/Phonograph/MI_Phonograph.uasset" 1533
"C:/Users/User/Downloads/Parcial02/Content/UnrealBucket/Library/Various/Phonograph/MI_Phonograph.uexp" 1534
"C:/Users/User/Downloads/Parcial02/Content/UnrealBucket/Library/Various/Phonograph/SM_Phonograph.ubulk" 1535
"C:/Users/User/Downloads/Parcial02/Content/UnrealBucket/Library/Various/Phonograph/SM_Phonograph.uasset" 1536
"C:/Users/User/Downloads/Parcial02/Content/UnrealBucket/Library/Various/Phonograph/SM_Phonograph.uexp" 1537
"C:/Users/User/Downloads/Parcial02/Content/UnrealBucket/Library/Various/Phonograph/T_Vinyl_Normal.ubulk" 1538
"C:/Users/User/Downloads/Parcial02/Content/UnrealBucket/Library/Various/Phonograph/T_Vinyl_Normal.uasset" 1539
"C:/Users/User/Downloads/Parcial02/Content/UnrealBucket/Library/Various/Phonograph/T_Vinyl_Normal.uexp" 1540
"C:/Users/User/Downloads/Parcial02/Content/UnrealBucket/Library/Various/Phonograph/T_Vinyl_Albedo.ubulk" 1541
"C:/Users/User/Downloads/Parcial02/Content/UnrealBucket/Library/Various/Phonograph/T_Vinyl_Albedo.uasset" 1542
"C:/Users/User/Downloads/Parcial02/Content/UnrealBucket/Library/Various/Phonograph/T_Vinyl_Albedo.uexp" 1543
"C:/Users/User/Downloads/Parcial02/Content/UnrealBucket/Library/Various/Phonograph/MI_Vinyl.uasset" 1544
"C:/Users/User/Downloads/Parcial02/Content/UnrealBucket/Library/Various/Phonograph/MI_Vinyl.uexp" 1545
"C:/Users/User/Downloads/Parcial02/Content/UnrealBucket/Library/Various/Phonograph/SM_Vinyl.ubulk" 1546
"C:/Users/User/Downloads/Parcial02/Content/UnrealBucket/Library/Various/Phonograph/SM_Vinyl.uasset" 1547
"C:/Users/User/Downloads/Parcial02/Content/UnrealBucket/Library/Various/Phonograph/SM_Vinyl.uexp" 1548
"C:/Users/User/Downloads/Parcial02/Content/UnrealBucket/Library/Various/Piano/T_Piano_Normal.ubulk" 1549
"C:/Users/User/Downloads/Parcial02/Content/UnrealBucket/Library/Various/Piano/T_Piano_Normal.uasset" 1550
"C:/Users/User/Downloads/Parcial02/Content/UnrealBucket/Library/Various/Piano/T_Piano_Normal.uexp" 1551
"C:/Users/User/Downloads/Parcial02/Content/UnrealBucket/Library/Various/Piano/T_Piano_Mask.ubulk" 1552
"C:/Users/User/Downloads/Parcial02/Content/UnrealBucket/Library/Various/Piano/T_Piano_Mask.uasset" 1553
"C:/Users/User/Downloads/Parcial02/Content/UnrealBucket/Library/Various/Piano/T_Piano_Mask.uexp" 1554
"C:/Users/User/Downloads/Parcial02/Content/UnrealBucket/Library/Various/Piano/T_Piano_Albedo.ubulk" 1555
"C:/Users/User/Downloads/Parcial02/Content/UnrealBucket/Library/Various/Piano/T_Piano_Albedo.uasset" 1556
"C:/Users/User/Downloads/Parcial02/Content/UnrealBucket/Library/Various/Piano/T_Piano_Albedo.uexp" 1557
"C:/Users/User/Downloads/Parcial02/Content/UnrealBucket/Library/Various/Piano/MI_Piano.uasset" 1558
"C:/Users/User/Downloads/Parcial02/Content/UnrealBucket/Library/Various/Piano/MI_Piano.uexp" 1559
"C:/Users/User/Downloads/Parcial02/Content/UnrealBucket/Library/Various/Piano/SM_Piano_A.ubulk" 1560
"C:/Users/User/Downloads/Parcial02/Content/UnrealBucket/Library/Various/Piano/SM_Piano_A.uasset" 1561
"C:/Users/User/Downloads/Parcial02/Content/UnrealBucket/Library/Various/Piano/SM_Piano_A.uexp" 1562
"C:/Users/User/Downloads/Parcial02/Content/UnrealBucket/Library/Various/Trunk/T_Trunk_Normal.ubulk" 1563
"C:/Users/User/Downloads/Parcial02/Content/UnrealBucket/Library/Various/Trunk/T_Trunk_Normal.uasset" 1564
"C:/Users/User/Downloads/Parcial02/Content/UnrealBucket/Library/Various/Trunk/T_Trunk_Normal.uexp" 1565
"C:/Users/User/Downloads/Parcial02/Content/UnrealBucket/Library/Various/Trunk/T_Trunk_Mask.ubulk" 1566
"C:/Users/User/Downloads/Parcial02/Content/UnrealBucket/Library/Various/Trunk/T_Trunk_Mask.uasset" 1567
"C:/Users/User/Downloads/Parcial02/Content/UnrealBucket/Library/Various/Trunk/T_Trunk_Mask.uexp" 1568
"C:/Users/User/Downloads/Parcial02/Content/UnrealBucket/Library/Various/Trunk/T_Trunk_Albedo.ubulk" 1569
"C:/Users/User/Downloads/Parcial02/Content/UnrealBucket/Library/Various/Trunk/T_Trunk_Albedo.uasset" 1570
"C:/Users/User/Downloads/Parcial02/Content/UnrealBucket/Library/Various/Trunk/T_Trunk_Albedo.uexp" 1571
"C:/Users/User/Downloads/Parcial02/Content/UnrealBucket/Library/Various/Trunk/MI_Trunk.uasset" 1572
"C:/Users/User/Downloads/Parcial02/Content/UnrealBucket/Library/Various/Trunk/MI_Trunk.uexp" 1573
"C:/Users/User/Downloads/Parcial02/Content/UnrealBucket/Library/Various/Trunk/SM_Trunk_Closed.ubulk" 1574
"C:/Users/User/Downloads/Parcial02/Content/UnrealBucket/Library/Various/Trunk/SM_Trunk_Closed.uasset" 1575
"C:/Users/User/Downloads/Parcial02/Content/UnrealBucket/Library/Various/Trunk/SM_Trunk_Closed.uexp" 1576
"C:/Users/User/Downloads/Parcial02/Content/UnrealBucket/Library/Various/VintageTelescope/T_VintageTelescope_Normal.ubulk" 1577
"C:/Users/User/Downloads/Parcial02/Content/UnrealBucket/Library/Various/VintageTelescope/T_VintageTelescope_Normal.uasset" 1578
"C:/Users/User/Downloads/Parcial02/Content/UnrealBucket/Library/Various/VintageTelescope/T_VintageTelescope_Normal.uexp" 1579
"C:/Users/User/Downloads/Parcial02/Content/UnrealBucket/Library/Various/VintageTelescope/T_VintageTelescope_Mask.ubulk" 1580
"C:/Users/User/Downloads/Parcial02/Content/UnrealBucket/Library/Various/VintageTelescope/T_VintageTelescope_Mask.uasset" 1581
"C:/Users/User/Downloads/Parcial02/Content/UnrealBucket/Library/Various/VintageTelescope/T_VintageTelescope_Mask.uexp" 1582
"C:/Users/User/Downloads/Parcial02/Content/UnrealBucket/Library/Various/VintageTelescope/T_VintageTelescope_Albedo.ubulk" 1583
"C:/Users/User/Downloads/Parcial02/Content/UnrealBucket/Library/Various/VintageTelescope/T_VintageTelescope_Albedo.uasset" 1584
"C:/Users/User/Downloads/Parcial02/Content/UnrealBucket/Library/Various/VintageTelescope/T_VintageTelescope_Albedo.uexp" 1585
"C:/Users/User/Downloads/Parcial02/Content/UnrealBucket/Library/Various/VintageTelescope/M_VintageTelescope.uasset" 1586
"C:/Users/User/Downloads/Parcial02/Content/UnrealBucket/Library/Various/VintageTelescope/M_VintageTelescope.uexp" 1587
"C:/Users/User/Downloads/Parcial02/Content/UnrealBucket/Library/Various/VintageTelescope/MI_VintageTelescope.uasset" 1588
"C:/Users/User/Downloads/Parcial02/Content/UnrealBucket/Library/Various/VintageTelescope/MI_VintageTelescope.uexp" 1589
"C:/Users/User/Downloads/Parcial02/Content/UnrealBucket/Library/Various/VintageTelescope/SM_VintageTelescope.ubulk" 1590
"C:/Users/User/Downloads/Parcial02/Content/UnrealBucket/Library/Various/VintageTelescope/SM_VintageTelescope.uasset" 1591
"C:/Users/User/Downloads/Parcial02/Content/UnrealBucket/Library/Various/VintageTelescope/SM_VintageTelescope.uexp" 1592
"C:/Users/User/Downloads/Parcial02/Content/UnrealBucket/Library/Weapon/Grenade/T_Grenade_Normal.ubulk" 1593
"C:/Users/User/Downloads/Parcial02/Content/UnrealBucket/Library/Weapon/Grenade/T_Grenade_Normal.uasset" 1594
"C:/Users/User/Downloads/Parcial02/Content/UnrealBucket/Library/Weapon/Grenade/T_Grenade_Normal.uexp" 1595
"C:/Users/User/Downloads/Parcial02/Content/UnrealBucket/Library/Weapon/Grenade/T_Grenade_Mask.ubulk" 1596
"C:/Users/User/Downloads/Parcial02/Content/UnrealBucket/Library/Weapon/Grenade/T_Grenade_Mask.uasset" 1597
"C:/Users/User/Downloads/Parcial02/Content/UnrealBucket/Library/Weapon/Grenade/T_Grenade_Mask.uexp" 1598
"C:/Users/User/Downloads/Parcial02/Content/UnrealBucket/Library/Weapon/Grenade/T_Grenade_Albedo.ubulk" 1599
"C:/Users/User/Downloads/Parcial02/Content/UnrealBucket/Library/Weapon/Grenade/T_Grenade_Albedo.uasset" 1600
"C:/Users/User/Downloads/Parcial02/Content/UnrealBucket/Library/Weapon/Grenade/T_Grenade_Albedo.uexp" 1601
"C:/Users/User/Downloads/Parcial02/Content/UnrealBucket/Library/Weapon/Grenade/MI_Grenade.uasset" 1602
"C:/Users/User/Downloads/Parcial02/Content/UnrealBucket/Library/Weapon/Grenade/MI_Grenade.uexp" 1603
"C:/Users/User/Downloads/Parcial02/Content/UnrealBucket/Library/Weapon/Grenade/SM_Grenade.ubulk" 1604
"C:/Users/User/Downloads/Parcial02/Content/UnrealBucket/Library/Weapon/Grenade/SM_Grenade.uasset" 1605
"C:/Users/User/Downloads/Parcial02/Content/UnrealBucket/Library/Weapon/Grenade/SM_Grenade.uexp" 1606
"C:/Users/User/Downloads/Parcial02/Content/UnrealBucket/Library/Weapon/Grenade/SM_Grenade_Body.ubulk" 1607
"C:/Users/User/Downloads/Parcial02/Content/UnrealBucket/Library/Weapon/Grenade/SM_Grenade_Body.uasset" 1608
"C:/Users/User/Downloads/Parcial02/Content/UnrealBucket/Library/Weapon/Grenade/SM_Grenade_Body.uexp" 1609
"C:/Users/User/Downloads/Parcial02/Content/UnrealBucket/Library/Weapon/MauserC96Pistol/T_MauserC96_Pistol_Normal.ubulk" 1610
"C:/Users/User/Downloads/Parcial02/Content/UnrealBucket/Library/Weapon/MauserC96Pistol/T_MauserC96_Pistol_Normal.uasset" 1611
"C:/Users/User/Downloads/Parcial02/Content/UnrealBucket/Library/Weapon/MauserC96Pistol/T_MauserC96_Pistol_Normal.uexp" 1612
"C:/Users/User/Downloads/Parcial02/Content/UnrealBucket/Library/Weapon/MauserC96Pistol/T_MauserC96_Pistol_Mask.ubulk" 1613
"C:/Users/User/Downloads/Parcial02/Content/UnrealBucket/Library/Weapon/MauserC96Pistol/T_MauserC96_Pistol_Mask.uasset" 1614
"C:/Users/User/Downloads/Parcial02/Content/UnrealBucket/Library/Weapon/MauserC96Pistol/T_MauserC96_Pistol_Mask.uexp" 1615
"C:/Users/User/Downloads/Parcial02/Content/UnrealBucket/Library/Weapon/MauserC96Pistol/T_MauserC96_Pistol_Albedo.ubulk" 1616
"C:/Users/User/Downloads/Parcial02/Content/UnrealBucket/Library/Weapon/MauserC96Pistol/T_MauserC96_Pistol_Albedo.uasset" 1617
"C:/Users/User/Downloads/Parcial02/Content/UnrealBucket/Library/Weapon/MauserC96Pistol/T_MauserC96_Pistol_Albedo.uexp" 1618
"C:/Users/User/Downloads/Parcial02/Content/UnrealBucket/Library/Weapon/MauserC96Pistol/MI_MauserC96_Pistol.uasset" 1619
"C:/Users/User/Downloads/Parcial02/Content/UnrealBucket/Library/Weapon/MauserC96Pistol/MI_MauserC96_Pistol.uexp" 1620
"C:/Users/User/Downloads/Parcial02/Content/UnrealBucket/Library/Weapon/MauserC96Pistol/SM_MauserC96_Pistol.ubulk" 1621
"C:/Users/User/Downloads/Parcial02/Content/UnrealBucket/Library/Weapon/MauserC96Pistol/SM_MauserC96_Pistol.uasset" 1622
"C:/Users/User/Downloads/Parcial02/Content/UnrealBucket/Library/Weapon/MauserC96Pistol/SM_MauserC96_Pistol.uexp" 1623
"C:/Users/User/Downloads/Parcial02/Content/UnrealBucket/Library/Weapon/Panzerfaust/T_Panzerfaust_Chest_Normal.ubulk" 1624
"C:/Users/User/Downloads/Parcial02/Content/UnrealBucket/Library/Weapon/Panzerfaust/T_Panzerfaust_Chest_Normal.uasset" 1625
"C:/Users/User/Downloads/Parcial02/Content/UnrealBucket/Library/Weapon/Panzerfaust/T_Panzerfaust_Chest_Normal.uexp" 1626
"C:/Users/User/Downloads/Parcial02/Content/UnrealBucket/Library/Weapon/Panzerfaust/T_Panzerfaust_Chest_Mask.ubulk" 1627
"C:/Users/User/Downloads/Parcial02/Content/UnrealBucket/Library/Weapon/Panzerfaust/T_Panzerfaust_Chest_Mask.uasset" 1628
"C:/Users/User/Downloads/Parcial02/Content/UnrealBucket/Library/Weapon/Panzerfaust/T_Panzerfaust_Chest_Mask.uexp" 1629
"C:/Users/User/Downloads/Parcial02/Content/UnrealBucket/Library/Weapon/Panzerfaust/T_Panzerfaust_Chest_Albedo.ubulk" 1630
"C:/Users/User/Downloads/Parcial02/Content/UnrealBucket/Library/Weapon/Panzerfaust/T_Panzerfaust_Chest_Albedo.uasset" 1631
"C:/Users/User/Downloads/Parcial02/Content/UnrealBucket/Library/Weapon/Panzerfaust/T_Panzerfaust_Chest_Albedo.uexp" 1632
"C:/Users/User/Downloads/Parcial02/Content/UnrealBucket/Library/Weapon/Panzerfaust/MI_Panzerfaust_Chest.uasset" 1633
"C:/Users/User/Downloads/Parcial02/Content/UnrealBucket/Library/Weapon/Panzerfaust/MI_Panzerfaust_Chest.uexp" 1634
"C:/Users/User/Downloads/Parcial02/Content/UnrealBucket/Library/Weapon/Panzerfaust/SM_Panzerfaust_Chest.ubulk" 1635
"C:/Users/User/Downloads/Parcial02/Content/UnrealBucket/Library/Weapon/Panzerfaust/SM_Panzerfaust_Chest.uasset" 1636
"C:/Users/User/Downloads/Parcial02/Content/UnrealBucket/Library/Weapon/Panzerfaust/SM_Panzerfaust_Chest.uexp" 1637
"C:/Users/User/Downloads/Parcial02/Content/UnrealBucket/Library/Weapon/Panzerfaust/M_Panzerfaust_ChestHay.uasset" 1638
"C:/Users/User/Downloads/Parcial02/Content/UnrealBucket/Library/Weapon/Panzerfaust/M_Panzerfaust_ChestHay.uexp" 1639
"C:/Users/User/Downloads/Parcial02/Content/UnrealBucket/Library/Weapon/Panzerfaust/SM_Panzerfaust_Chest_Base.ubulk" 1640
"C:/Users/User/Downloads/Parcial02/Content/UnrealBucket/Library/Weapon/Panzerfaust/SM_Panzerfaust_Chest_Base.uasset" 1641
"C:/Users/User/Downloads/Parcial02/Content/UnrealBucket/Library/Weapon/Panzerfaust/SM_Panzerfaust_Chest_Base.uexp" 1642
"C:/Users/User/Downloads/Parcial02/Content/UnrealBucket/Library/Weapon/Panzerfaust/T_Panzerfaust_Normal.ubulk" 1643
"C:/Users/User/Downloads/Parcial02/Content/UnrealBucket/Library/Weapon/Panzerfaust/T_Panzerfaust_Normal.uasset" 1644
"C:/Users/User/Downloads/Parcial02/Content/UnrealBucket/Library/Weapon/Panzerfaust/T_Panzerfaust_Normal.uexp" 1645
"C:/Users/User/Downloads/Parcial02/Content/UnrealBucket/Library/Weapon/Panzerfaust/T_Panzerfaust_Mask.ubulk" 1646
"C:/Users/User/Downloads/Parcial02/Content/UnrealBucket/Library/Weapon/Panzerfaust/T_Panzerfaust_Mask.uasset" 1647
"C:/Users/User/Downloads/Parcial02/Content/UnrealBucket/Library/Weapon/Panzerfaust/T_Panzerfaust_Mask.uexp" 1648
"C:/Users/User/Downloads/Parcial02/Content/UnrealBucket/Library/Weapon/Panzerfaust/T_Panzerfaust_Albedo.ubulk" 1649
"C:/Users/User/Downloads/Parcial02/Content/UnrealBucket/Library/Weapon/Panzerfaust/T_Panzerfaust_Albedo.uasset" 1650
"C:/Users/User/Downloads/Parcial02/Content/UnrealBucket/Library/Weapon/Panzerfaust/T_Panzerfaust_Albedo.uexp" 1651
"C:/Users/User/Downloads/Parcial02/Content/UnrealBucket/Library/Weapon/Panzerfaust/MI_Panzerfaust.uasset" 1652
"C:/Users/User/Downloads/Parcial02/Content/UnrealBucket/Library/Weapon/Panzerfaust/MI_Panzerfaust.uexp" 1653
"C:/Users/User/Downloads/Parcial02/Content/UnrealBucket/Library/Weapon/Panzerfaust/SM_Panzerfaust_Warhead.ubulk" 1654
"C:/Users/User/Downloads/Parcial02/Content/UnrealBucket/Library/Weapon/Panzerfaust/SM_Panzerfaust_Warhead.uasset" 1655
"C:/Users/User/Downloads/Parcial02/Content/UnrealBucket/Library/Weapon/Panzerfaust/SM_Panzerfaust_Warhead.uexp" 1656
"C:/Users/User/Downloads/Parcial02/Content/UnrealBucket/Library/Weapon/Revolver/T_revolver_Normal.ubulk" 1657
"C:/Users/User/Downloads/Parcial02/Content/UnrealBucket/Library/Weapon/Revolver/T_revolver_Normal.uasset" 1658
"C:/Users/User/Downloads/Parcial02/Content/UnrealBucket/Library/Weapon/Revolver/T_revolver_Normal.uexp" 1659
"C:/Users/User/Downloads/Parcial02/Content/UnrealBucket/Library/Weapon/Revolver/T_Revolver_Mask.ubulk" 1660
"C:/Users/User/Downloads/Parcial02/Content/UnrealBucket/Library/Weapon/Revolver/T_Revolver_Mask.uasset" 1661
"C:/Users/User/Downloads/Parcial02/Content/UnrealBucket/Library/Weapon/Revolver/T_Revolver_Mask.uexp" 1662
"C:/Users/User/Downloads/Parcial02/Content/UnrealBucket/Library/Weapon/Revolver/T_Revolver_Albedo.ubulk" 1663
"C:/Users/User/Downloads/Parcial02/Content/UnrealBucket/Library/Weapon/Revolver/T_Revolver_Albedo.uasset" 1664
"C:/Users/User/Downloads/Parcial02/Content/UnrealBucket/Library/Weapon/Revolver/T_Revolver_Albedo.uexp" 1665
"C:/Users/User/Downloads/Parcial02/Content/UnrealBucket/Library/Weapon/Revolver/MI_Revolver.uasset" 1666
"C:/Users/User/Downloads/Parcial02/Content/UnrealBucket/Library/Weapon/Revolver/MI_Revolver.uexp" 1667
"C:/Users/User/Downloads/Parcial02/Content/UnrealBucket/Library/Weapon/Revolver/SM_Revolver.ubulk" 1668
"C:/Users/User/Downloads/Parcial02/Content/UnrealBucket/Library/Weapon/Revolver/SM_Revolver.uasset" 1669
"C:/Users/User/Downloads/Parcial02/Content/UnrealBucket/Library/Weapon/Revolver/SM_Revolver.uexp" 1670
"C:/Users/User/Downloads/Parcial02/Content/UnrealBucket/Library/Weapon/Panzerfaust/SM_Panzerfaust.ubulk" 1671
"C:/Users/User/Downloads/Parcial02/Content/UnrealBucket/Library/Weapon/Panzerfaust/SM_Panzerfaust.uasset" 1672
"C:/Users/User/Downloads/Parcial02/Content/UnrealBucket/Library/Weapon/Panzerfaust/SM_Panzerfaust.uexp" 1673
"C:/Users/User/Downloads/Parcial02/Content/UnrealBucket/Library/Weapon/Panzerfaust/SM_Panzerfaust_Chest_Lid.ubulk" 1674
"C:/Users/User/Downloads/Parcial02/Content/UnrealBucket/Library/Weapon/Panzerfaust/SM_Panzerfaust_Chest_Lid.uasset" 1675
"C:/Users/User/Downloads/Parcial02/Content/UnrealBucket/Library/Weapon/Panzerfaust/SM_Panzerfaust_Chest_Lid.uexp" 1676
"C:/Users/User/Downloads/Parcial02/Content/UnrealBucket/Library/Weapon/Panzerfaust/B_Pancerfaust.uasset" 1677
"C:/Users/User/Downloads/Parcial02/Content/UnrealBucket/Library/Weapon/Panzerfaust/B_Pancerfaust.uexp" 1678
"../../../Engine/Content/Functions/Engine_MaterialFunctions02/WorldPositionOffset/ObjectPivotPoint.uasset" 1679
"../../../Engine/Content/Functions/Engine_MaterialFunctions02/WorldPositionOffset/ObjectPivotPoint.uexp" 1680
"../../../Engine/Content/Functions/Engine_MaterialFunctions02/FixRotateAboutAxisNormals.uasset" 1681
"../../../Engine/Content/Functions/Engine_MaterialFunctions02/FixRotateAboutAxisNormals.uexp" 1682
"C:/Users/User/Downloads/Parcial02/Content/UnrealBucket/Library/Various/VintageGlobe/T_Globe_SharedMasks.ubulk" 1683
"C:/Users/User/Downloads/Parcial02/Content/UnrealBucket/Library/Various/VintageGlobe/T_Globe_SharedMasks.uasset" 1684
"C:/Users/User/Downloads/Parcial02/Content/UnrealBucket/Library/Various/VintageGlobe/T_Globe_SharedMasks.uexp" 1685
"C:/Users/User/Downloads/Parcial02/Content/UnrealBucket/Library/Various/VintageGlobe/T_GlobeMap_BaseColor.ubulk" 1686
"C:/Users/User/Downloads/Parcial02/Content/UnrealBucket/Library/Various/VintageGlobe/T_GlobeMap_BaseColor.uasset" 1687
"C:/Users/User/Downloads/Parcial02/Content/UnrealBucket/Library/Various/VintageGlobe/T_GlobeMap_BaseColor.uexp" 1688
"C:/Users/User/Downloads/Parcial02/Content/UnrealBucket/Library/Various/VintageGlobe/M_Globe.uasset" 1689
"C:/Users/User/Downloads/Parcial02/Content/UnrealBucket/Library/Various/VintageGlobe/M_Globe.uexp" 1690
"C:/Users/User/Downloads/Parcial02/Content/UnrealBucket/Library/Various/VintageGlobe/SM_Globe_SM_Globe.ubulk" 1691
"C:/Users/User/Downloads/Parcial02/Content/UnrealBucket/Library/Various/VintageGlobe/SM_Globe_SM_Globe.uasset" 1692
"C:/Users/User/Downloads/Parcial02/Content/UnrealBucket/Library/Various/VintageGlobe/SM_Globe_SM_Globe.uexp" 1693
"C:/Users/User/Downloads/Parcial02/Content/UnrealBucket/Library/Various/VintageGlobe/T_GlobeBody_Normal.ubulk" 1694
"C:/Users/User/Downloads/Parcial02/Content/UnrealBucket/Library/Various/VintageGlobe/T_GlobeBody_Normal.uasset" 1695
"C:/Users/User/Downloads/Parcial02/Content/UnrealBucket/Library/Various/VintageGlobe/T_GlobeBody_Normal.uexp" 1696
"C:/Users/User/Downloads/Parcial02/Content/UnrealBucket/Library/Various/VintageGlobe/T_GlobeBody_BaseColor.ubulk" 1697
"C:/Users/User/Downloads/Parcial02/Content/UnrealBucket/Library/Various/VintageGlobe/T_GlobeBody_BaseColor.uasset" 1698
"C:/Users/User/Downloads/Parcial02/Content/UnrealBucket/Library/Various/VintageGlobe/T_GlobeBody_BaseColor.uexp" 1699
"C:/Users/User/Downloads/Parcial02/Content/UnrealBucket/Library/Various/VintageGlobe/M_GlobeBody.uasset" 1700
"C:/Users/User/Downloads/Parcial02/Content/UnrealBucket/Library/Various/VintageGlobe/M_GlobeBody.uexp" 1701
"C:/Users/User/Downloads/Parcial02/Content/UnrealBucket/Library/Various/VintageGlobe/SM_Globe_SM_Globe_RollHandle.ubulk" 1702
"C:/Users/User/Downloads/Parcial02/Content/UnrealBucket/Library/Various/VintageGlobe/SM_Globe_SM_Globe_RollHandle.uasset" 1703
"C:/Users/User/Downloads/Parcial02/Content/UnrealBucket/Library/Various/VintageGlobe/SM_Globe_SM_Globe_RollHandle.uexp" 1704
"C:/Users/User/Downloads/Parcial02/Content/UnrealBucket/Library/Various/VintageGlobe/SM_Globe_SM_Globe_Body.ubulk" 1705
"C:/Users/User/Downloads/Parcial02/Content/UnrealBucket/Library/Various/VintageGlobe/SM_Globe_SM_Globe_Body.uasset" 1706
"C:/Users/User/Downloads/Parcial02/Content/UnrealBucket/Library/Various/VintageGlobe/SM_Globe_SM_Globe_Body.uexp" 1707
"C:/Users/User/Downloads/Parcial02/Content/UnrealBucket/Library/Various/VintageGlobe/BP_VintageGlobe.uasset" 1708
"C:/Users/User/Downloads/Parcial02/Content/UnrealBucket/Library/Various/VintageGlobe/BP_VintageGlobe.uexp" 1709
"C:/Users/User/Downloads/Parcial02/Content/UnrealBucket/Library/Various/Trunk/SM_Trunk_Bottom.ubulk" 1710
"C:/Users/User/Downloads/Parcial02/Content/UnrealBucket/Library/Various/Trunk/SM_Trunk_Bottom.uasset" 1711
"C:/Users/User/Downloads/Parcial02/Content/UnrealBucket/Library/Various/Trunk/SM_Trunk_Bottom.uexp" 1712
"C:/Users/User/Downloads/Parcial02/Content/UnrealBucket/Library/Various/Trunk/SM_Trunk_Lid.ubulk" 1713
"C:/Users/User/Downloads/Parcial02/Content/UnrealBucket/Library/Various/Trunk/SM_Trunk_Lid.uasset" 1714
"C:/Users/User/Downloads/Parcial02/Content/UnrealBucket/Library/Various/Trunk/SM_Trunk_Lid.uexp" 1715
"C:/Users/User/Downloads/Parcial02/Content/UnrealBucket/Library/Various/Trunk/BP_Trunk.uasset" 1716
"C:/Users/User/Downloads/Parcial02/Content/UnrealBucket/Library/Various/Trunk/BP_Trunk.uexp" 1717
"C:/Users/User/Downloads/Parcial02/Content/UnrealBucket/Library/Various/Chest/T_Chest_Normal.ubulk" 1718
"C:/Users/User/Downloads/Parcial02/Content/UnrealBucket/Library/Various/Chest/T_Chest_Normal.uasset" 1719
"C:/Users/User/Downloads/Parcial02/Content/UnrealBucket/Library/Various/Chest/T_Chest_Normal.uexp" 1720
"C:/Users/User/Downloads/Parcial02/Content/UnrealBucket/Library/Various/Chest/T_Chest_Mask.ubulk" 1721
"C:/Users/User/Downloads/Parcial02/Content/UnrealBucket/Library/Various/Chest/T_Chest_Mask.uasset" 1722
"C:/Users/User/Downloads/Parcial02/Content/UnrealBucket/Library/Various/Chest/T_Chest_Mask.uexp" 1723
"C:/Users/User/Downloads/Parcial02/Content/UnrealBucket/Library/Various/Chest/T_Chest_Albedo.ubulk" 1724
"C:/Users/User/Downloads/Parcial02/Content/UnrealBucket/Library/Various/Chest/T_Chest_Albedo.uasset" 1725
"C:/Users/User/Downloads/Parcial02/Content/UnrealBucket/Library/Various/Chest/T_Chest_Albedo.uexp" 1726
"C:/Users/User/Downloads/Parcial02/Content/UnrealBucket/Library/Various/Chest/MI_Chest.uasset" 1727
"C:/Users/User/Downloads/Parcial02/Content/UnrealBucket/Library/Various/Chest/MI_Chest.uexp" 1728
"C:/Users/User/Downloads/Parcial02/Content/UnrealBucket/Library/Various/Chest/Parts/SM_Chest_Base.ubulk" 1729
"C:/Users/User/Downloads/Parcial02/Content/UnrealBucket/Library/Various/Chest/Parts/SM_Chest_Base.uasset" 1730
"C:/Users/User/Downloads/Parcial02/Content/UnrealBucket/Library/Various/Chest/Parts/SM_Chest_Base.uexp" 1731
"C:/Users/User/Downloads/Parcial02/Content/UnrealBucket/Library/Various/Chest/Parts/SM_Chest_Lockpad.ubulk" 1732
"C:/Users/User/Downloads/Parcial02/Content/UnrealBucket/Library/Various/Chest/Parts/SM_Chest_Lockpad.uasset" 1733
"C:/Users/User/Downloads/Parcial02/Content/UnrealBucket/Library/Various/Chest/Parts/SM_Chest_Lockpad.uexp" 1734
"C:/Users/User/Downloads/Parcial02/Content/UnrealBucket/Library/Various/Chest/Parts/SM_Chest_Top.ubulk" 1735
"C:/Users/User/Downloads/Parcial02/Content/UnrealBucket/Library/Various/Chest/Parts/SM_Chest_Top.uasset" 1736
"C:/Users/User/Downloads/Parcial02/Content/UnrealBucket/Library/Various/Chest/Parts/SM_Chest_Top.uexp" 1737
"C:/Users/User/Downloads/Parcial02/Content/UnrealBucket/Library/Various/Chest/BP_Chest.uasset" 1738
"C:/Users/User/Downloads/Parcial02/Content/UnrealBucket/Library/Various/Chest/BP_Chest.uexp" 1739
"C:/Users/User/Downloads/Parcial02/Content/UnrealBucket/Library/ArchViz/NeoGothicBookcase/T_Bookshelf_Normal.uexp" 1740
"C:/Users/User/Downloads/Parcial02/Content/UnrealBucket/Library/ArchViz/NeoGothicBookcase/T_Bookshelf_Normal.ubulk" 1741
"C:/Users/User/Downloads/Parcial02/Content/UnrealBucket/Library/ArchViz/NeoGothicBookcase/T_Bookshelf_Normal.uasset" 1742
"C:/Users/User/Downloads/Parcial02/Content/UnrealBucket/Library/ArchViz/NeoGothicBookcase/T_Bookshelf_Normal.uptnl" 1743
"C:/Users/User/Downloads/Parcial02/Content/UnrealBucket/Library/ArchViz/NeoGothicBookcase/T_Bookshelf_Mask.uexp" 1744
"C:/Users/User/Downloads/Parcial02/Content/UnrealBucket/Library/ArchViz/NeoGothicBookcase/T_Bookshelf_Mask.ubulk" 1745
"C:/Users/User/Downloads/Parcial02/Content/UnrealBucket/Library/ArchViz/NeoGothicBookcase/T_Bookshelf_Mask.uasset" 1746
"C:/Users/User/Downloads/Parcial02/Content/UnrealBucket/Library/ArchViz/NeoGothicBookcase/T_Bookshelf_Mask.uptnl" 1747
"C:/Users/User/Downloads/Parcial02/Content/UnrealBucket/Library/ArchViz/NeoGothicBookcase/T_Bookshelf_Albedo.uexp" 1748
"C:/Users/User/Downloads/Parcial02/Content/UnrealBucket/Library/ArchViz/NeoGothicBookcase/T_Bookshelf_Albedo.ubulk" 1749
"C:/Users/User/Downloads/Parcial02/Content/UnrealBucket/Library/ArchViz/NeoGothicBookcase/T_Bookshelf_Albedo.uasset" 1750
"C:/Users/User/Downloads/Parcial02/Content/UnrealBucket/Library/ArchViz/NeoGothicBookcase/T_Bookshelf_Albedo.uptnl" 1751
"C:/Users/User/Downloads/Parcial02/Content/UnrealBucket/Library/ArchViz/NeoGothicBookcase/MI_Bookshelf.uasset" 1752
"C:/Users/User/Downloads/Parcial02/Content/UnrealBucket/Library/ArchViz/NeoGothicBookcase/MI_Bookshelf.uexp" 1753
"C:/Users/User/Downloads/Parcial02/Content/UnrealBucket/Library/ArchViz/NeoGothicBookcase/SM_Bookshelf.ubulk" 1754
"C:/Users/User/Downloads/Parcial02/Content/UnrealBucket/Library/ArchViz/NeoGothicBookcase/SM_Bookshelf.uasset" 1755
"C:/Users/User/Downloads/Parcial02/Content/UnrealBucket/Library/ArchViz/NeoGothicBookcase/SM_Bookshelf.uexp" 1756
"C:/Users/User/Downloads/Parcial02/Content/UnrealBucket/Library/ArchViz/NeoGothicBookcase/SM_Drawer.ubulk" 1757
"C:/Users/User/Downloads/Parcial02/Content/UnrealBucket/Library/ArchViz/NeoGothicBookcase/SM_Drawer.uasset" 1758
"C:/Users/User/Downloads/Parcial02/Content/UnrealBucket/Library/ArchViz/NeoGothicBookcase/SM_Drawer.uexp" 1759
"C:/Users/User/Downloads/Parcial02/Content/UnrealBucket/Library/ArchViz/NeoGothicBookcase/SM_LeftPanel.ubulk" 1760
"C:/Users/User/Downloads/Parcial02/Content/UnrealBucket/Library/ArchViz/NeoGothicBookcase/SM_LeftPanel.uasset" 1761
"C:/Users/User/Downloads/Parcial02/Content/UnrealBucket/Library/ArchViz/NeoGothicBookcase/SM_LeftPanel.uexp" 1762
"C:/Users/User/Downloads/Parcial02/Content/UnrealBucket/Library/ArchViz/NeoGothicBookcase/SM_RightPanel.ubulk" 1763
"C:/Users/User/Downloads/Parcial02/Content/UnrealBucket/Library/ArchViz/NeoGothicBookcase/SM_RightPanel.uasset" 1764
"C:/Users/User/Downloads/Parcial02/Content/UnrealBucket/Library/ArchViz/NeoGothicBookcase/SM_RightPanel.uexp" 1765
"C:/Users/User/Downloads/Parcial02/Content/UnrealBucket/Library/ArchViz/NeoGothicBookcase/SM_MiddlePanel.ubulk" 1766
"C:/Users/User/Downloads/Parcial02/Content/UnrealBucket/Library/ArchViz/NeoGothicBookcase/SM_MiddlePanel.uasset" 1767
"C:/Users/User/Downloads/Parcial02/Content/UnrealBucket/Library/ArchViz/NeoGothicBookcase/SM_MiddlePanel.uexp" 1768
"C:/Users/User/Downloads/Parcial02/Content/UnrealBucket/Library/ArchViz/NeoGothicBookcase/BP_NeoGothicBookcase.uasset" 1769
"C:/Users/User/Downloads/Parcial02/Content/UnrealBucket/Library/ArchViz/NeoGothicBookcase/BP_NeoGothicBookcase.uexp" 1770
"C:/Users/User/Downloads/Parcial02/Content/UnrealBucket/Library/ArchViz/GothicCommode_01/SM_Drawer_A.ubulk" 1771
"C:/Users/User/Downloads/Parcial02/Content/UnrealBucket/Library/ArchViz/GothicCommode_01/SM_Drawer_A.uasset" 1772
"C:/Users/User/Downloads/Parcial02/Content/UnrealBucket/Library/ArchViz/GothicCommode_01/SM_Drawer_A.uexp" 1773
"C:/Users/User/Downloads/Parcial02/Content/UnrealBucket/Library/ArchViz/GothicCommode_01/SM_Drawer_B.ubulk" 1774
"C:/Users/User/Downloads/Parcial02/Content/UnrealBucket/Library/ArchViz/GothicCommode_01/SM_Drawer_B.uasset" 1775
"C:/Users/User/Downloads/Parcial02/Content/UnrealBucket/Library/ArchViz/GothicCommode_01/SM_Drawer_B.uexp" 1776
"C:/Users/User/Downloads/Parcial02/Content/UnrealBucket/Library/ArchViz/GothicCommode_01/SM_Drawer_C.ubulk" 1777
"C:/Users/User/Downloads/Parcial02/Content/UnrealBucket/Library/ArchViz/GothicCommode_01/SM_Drawer_C.uasset" 1778
"C:/Users/User/Downloads/Parcial02/Content/UnrealBucket/Library/ArchViz/GothicCommode_01/SM_Drawer_C.uexp" 1779
"C:/Users/User/Downloads/Parcial02/Content/UnrealBucket/Library/ArchViz/GothicCommode_01/B_GothicCommode.uasset" 1780
"C:/Users/User/Downloads/Parcial02/Content/UnrealBucket/Library/ArchViz/GothicCommode_01/B_GothicCommode.uexp" 1781
"C:/Users/User/Downloads/Parcial02/Content/UnrealBucket/Library/ArchViz/GothicCabinet_01/T_GothicCabinet_01_Normal.ubulk" 1782
"C:/Users/User/Downloads/Parcial02/Content/UnrealBucket/Library/ArchViz/GothicCabinet_01/T_GothicCabinet_01_Normal.uasset" 1783
"C:/Users/User/Downloads/Parcial02/Content/UnrealBucket/Library/ArchViz/GothicCabinet_01/T_GothicCabinet_01_Normal.uexp" 1784
"C:/Users/User/Downloads/Parcial02/Content/UnrealBucket/Library/ArchViz/GothicCabinet_01/T_GothicCabinet_01_Mask.ubulk" 1785
"C:/Users/User/Downloads/Parcial02/Content/UnrealBucket/Library/ArchViz/GothicCabinet_01/T_GothicCabinet_01_Mask.uasset" 1786
"C:/Users/User/Downloads/Parcial02/Content/UnrealBucket/Library/ArchViz/GothicCabinet_01/T_GothicCabinet_01_Mask.uexp" 1787
"C:/Users/User/Downloads/Parcial02/Content/UnrealBucket/Library/ArchViz/GothicCabinet_01/T_GothicCabinet_01_Albedo.ubulk" 1788
"C:/Users/User/Downloads/Parcial02/Content/UnrealBucket/Library/ArchViz/GothicCabinet_01/T_GothicCabinet_01_Albedo.uasset" 1789
"C:/Users/User/Downloads/Parcial02/Content/UnrealBucket/Library/ArchViz/GothicCabinet_01/T_GothicCabinet_01_Albedo.uexp" 1790
"C:/Users/User/Downloads/Parcial02/Content/UnrealBucket/Library/ArchViz/GothicCabinet_01/MI_GothicCabinet_01.uasset" 1791
"C:/Users/User/Downloads/Parcial02/Content/UnrealBucket/Library/ArchViz/GothicCabinet_01/MI_GothicCabinet_01.uexp" 1792
"C:/Users/User/Downloads/Parcial02/Content/UnrealBucket/Library/ArchViz/GothicCabinet_01/SM_GothicCabinet_Base.ubulk" 1793
"C:/Users/User/Downloads/Parcial02/Content/UnrealBucket/Library/ArchViz/GothicCabinet_01/SM_GothicCabinet_Base.uasset" 1794
"C:/Users/User/Downloads/Parcial02/Content/UnrealBucket/Library/ArchViz/GothicCabinet_01/SM_GothicCabinet_Base.uexp" 1795
"C:/Users/User/Downloads/Parcial02/Content/UnrealBucket/Library/ArchViz/GothicCabinet_01/SM_GothicCabinet_Door_A.ubulk" 1796
"C:/Users/User/Downloads/Parcial02/Content/UnrealBucket/Library/ArchViz/GothicCabinet_01/SM_GothicCabinet_Door_A.uasset" 1797
"C:/Users/User/Downloads/Parcial02/Content/UnrealBucket/Library/ArchViz/GothicCabinet_01/SM_GothicCabinet_Door_A.uexp" 1798
"C:/Users/User/Downloads/Parcial02/Content/UnrealBucket/Library/ArchViz/GothicCabinet_01/SM_GothicCabinet_Door_B.ubulk" 1799
"C:/Users/User/Downloads/Parcial02/Content/UnrealBucket/Library/ArchViz/GothicCabinet_01/SM_GothicCabinet_Door_B.uasset" 1800
"C:/Users/User/Downloads/Parcial02/Content/UnrealBucket/Library/ArchViz/GothicCabinet_01/SM_GothicCabinet_Door_B.uexp" 1801
"C:/Users/User/Downloads/Parcial02/Content/UnrealBucket/Library/ArchViz/GothicCabinet_01/SM_GothicCabinet_Door_C.ubulk" 1802
"C:/Users/User/Downloads/Parcial02/Content/UnrealBucket/Library/ArchViz/GothicCabinet_01/SM_GothicCabinet_Door_C.uasset" 1803
"C:/Users/User/Downloads/Parcial02/Content/UnrealBucket/Library/ArchViz/GothicCabinet_01/SM_GothicCabinet_Door_C.uexp" 1804
"C:/Users/User/Downloads/Parcial02/Content/UnrealBucket/Library/ArchViz/GothicCabinet_01/SM_GothicCabinet_Door_D.ubulk" 1805
"C:/Users/User/Downloads/Parcial02/Content/UnrealBucket/Library/ArchViz/GothicCabinet_01/SM_GothicCabinet_Door_D.uasset" 1806
"C:/Users/User/Downloads/Parcial02/Content/UnrealBucket/Library/ArchViz/GothicCabinet_01/SM_GothicCabinet_Door_D.uexp" 1807
"C:/Users/User/Downloads/Parcial02/Content/UnrealBucket/Library/ArchViz/GothicCabinet_01/BP_GothicCabinet_01.uasset" 1808
"C:/Users/User/Downloads/Parcial02/Content/UnrealBucket/Library/ArchViz/GothicCabinet_01/BP_GothicCabinet_01.uexp" 1809
"C:/Users/User/Downloads/Parcial02/Content/UnrealBucket/Library/ArchViz/Chandelier_01/BP_Chandelier_01.uasset" 1810
"C:/Users/User/Downloads/Parcial02/Content/UnrealBucket/Library/ArchViz/Chandelier_01/BP_Chandelier_01.uexp" 1811
"C:/Users/User/Downloads/Parcial02/Content/TODO/HDRIs/qwantani_night_puresky_4k.uasset" 1812
"C:/Users/User/Downloads/Parcial02/Content/TODO/HDRIs/qwantani_night_puresky_4k.uexp" 1813
"../../../Engine/Content/EngineResources/DefaultTextureCube.uasset" 1814
"../../../Engine/Content/EngineResources/DefaultTextureCube.uexp" 1815
"C:/Users/User/Downloads/Parcial02/Content/TODO/HDRIs/M_Sky.uasset" 1816
"C:/Users/User/Downloads/Parcial02/Content/TODO/HDRIs/M_Sky.uexp" 1817
"C:/Users/User/Downloads/Parcial02/Content/TODO/HDRIs/M_Sky_Ins.uasset" 1818
"C:/Users/User/Downloads/Parcial02/Content/TODO/HDRIs/M_Sky_Ins.uexp" 1819
"C:/Users/User/Downloads/Parcial02/Content/RPaintPackVol17/Textures/T_Picture_10_D.ubulk" 1820
"C:/Users/User/Downloads/Parcial02/Content/RPaintPackVol17/Textures/T_Picture_10_D.uasset" 1821
"C:/Users/User/Downloads/Parcial02/Content/RPaintPackVol17/Textures/T_Picture_10_D.uexp" 1822
"C:/Users/User/Downloads/Parcial02/Content/RPaintPackVol17/Textures/T_Base_N.ubulk" 1823
"C:/Users/User/Downloads/Parcial02/Content/RPaintPackVol17/Textures/T_Base_N.uasset" 1824
"C:/Users/User/Downloads/Parcial02/Content/RPaintPackVol17/Textures/T_Base_N.uexp" 1825
"../../../Engine/Content/Functions/Engine_MaterialFunctions02/Texturing/CustomRotator.uasset" 1826
"../../../Engine/Content/Functions/Engine_MaterialFunctions02/Texturing/CustomRotator.uexp" 1827
"C:/Users/User/Downloads/Parcial02/Content/RPaintPackVol17/Textures/T_Base_R.ubulk" 1828
"C:/Users/User/Downloads/Parcial02/Content/RPaintPackVol17/Textures/T_Base_R.uasset" 1829
"C:/Users/User/Downloads/Parcial02/Content/RPaintPackVol17/Textures/T_Base_R.uexp" 1830
"C:/Users/User/Downloads/Parcial02/Content/RPaintPackVol17/Textures/T_Base_D.ubulk" 1831
"C:/Users/User/Downloads/Parcial02/Content/RPaintPackVol17/Textures/T_Base_D.uasset" 1832
"C:/Users/User/Downloads/Parcial02/Content/RPaintPackVol17/Textures/T_Base_D.uexp" 1833
"../../../Engine/Content/Functions/Engine_MaterialFunctions02/Math/MultiplyAdd.uasset" 1834
"../../../Engine/Content/Functions/Engine_MaterialFunctions02/Math/MultiplyAdd.uexp" 1835
"../../../Engine/Content/Functions/Engine_MaterialFunctions01/Texturing/DetailTexturing.uasset" 1836
"../../../Engine/Content/Functions/Engine_MaterialFunctions01/Texturing/DetailTexturing.uexp" 1837
"C:/Users/User/Downloads/Parcial02/Content/RPaintPackVol17/Materials/M_Base_01.uasset" 1838
"C:/Users/User/Downloads/Parcial02/Content/RPaintPackVol17/Materials/M_Base_01.uexp" 1839
"C:/Users/User/Downloads/Parcial02/Content/RPaintPackVol17/Materials/Inst_Picture_10.uasset" 1840
"C:/Users/User/Downloads/Parcial02/Content/RPaintPackVol17/Materials/Inst_Picture_10.uexp" 1841
"C:/Users/User/Downloads/Parcial02/Content/RPaintPackVol17/Textures/T_Frame_01_N.ubulk" 1842
"C:/Users/User/Downloads/Parcial02/Content/RPaintPackVol17/Textures/T_Frame_01_N.uasset" 1843
"C:/Users/User/Downloads/Parcial02/Content/RPaintPackVol17/Textures/T_Frame_01_N.uexp" 1844
"C:/Users/User/Downloads/Parcial02/Content/RPaintPackVol17/Textures/T_Frame_01_ID.ubulk" 1845
"C:/Users/User/Downloads/Parcial02/Content/RPaintPackVol17/Textures/T_Frame_01_ID.uasset" 1846
"C:/Users/User/Downloads/Parcial02/Content/RPaintPackVol17/Textures/T_Frame_01_ID.uexp" 1847
"C:/Users/User/Downloads/Parcial02/Content/RPaintPackVol17/Textures/T_Frame_01_D.ubulk" 1848
"C:/Users/User/Downloads/Parcial02/Content/RPaintPackVol17/Textures/T_Frame_01_D.uasset" 1849
"C:/Users/User/Downloads/Parcial02/Content/RPaintPackVol17/Textures/T_Frame_01_D.uexp" 1850
"C:/Users/User/Downloads/Parcial02/Content/RPaintPackVol17/Textures/T_Frame_01_ARM.ubulk" 1851
"C:/Users/User/Downloads/Parcial02/Content/RPaintPackVol17/Textures/T_Frame_01_ARM.uasset" 1852
"C:/Users/User/Downloads/Parcial02/Content/RPaintPackVol17/Textures/T_Frame_01_ARM.uexp" 1853
"C:/Users/User/Downloads/Parcial02/Content/RPaintPackVol17/Materials/M_Base_02.uasset" 1854
"C:/Users/User/Downloads/Parcial02/Content/RPaintPackVol17/Materials/M_Base_02.uexp" 1855
"C:/Users/User/Downloads/Parcial02/Content/RPaintPackVol17/Materials/Inst_Frame_01.uasset" 1856
"C:/Users/User/Downloads/Parcial02/Content/RPaintPackVol17/Materials/Inst_Frame_01.uexp" 1857
"C:/Users/User/Downloads/Parcial02/Content/RPaintPackVol17/Meshes/SM_Picture_10.ubulk" 1858
"C:/Users/User/Downloads/Parcial02/Content/RPaintPackVol17/Meshes/SM_Picture_10.uasset" 1859
"C:/Users/User/Downloads/Parcial02/Content/RPaintPackVol17/Meshes/SM_Picture_10.uexp" 1860
"C:/Users/User/Downloads/Parcial02/Content/RPaintPackVol17/Textures/T_Picture_11_D.uasset" 1861
"C:/Users/User/Downloads/Parcial02/Content/RPaintPackVol17/Textures/T_Picture_11_D.uexp" 1862
"C:/Users/User/Downloads/Parcial02/Content/RPaintPackVol17/Materials/Inst_Picture_11.uasset" 1863
"C:/Users/User/Downloads/Parcial02/Content/RPaintPackVol17/Materials/Inst_Picture_11.uexp" 1864
"C:/Users/User/Downloads/Parcial02/Content/RPaintPackVol17/Meshes/SM_Picture_11.ubulk" 1865
"C:/Users/User/Downloads/Parcial02/Content/RPaintPackVol17/Meshes/SM_Picture_11.uasset" 1866
"C:/Users/User/Downloads/Parcial02/Content/RPaintPackVol17/Meshes/SM_Picture_11.uexp" 1867
"C:/Users/User/Downloads/Parcial02/Content/RPaintPackVol17/Textures/T_Picture_08_D.ubulk" 1868
"C:/Users/User/Downloads/Parcial02/Content/RPaintPackVol17/Textures/T_Picture_08_D.uasset" 1869
"C:/Users/User/Downloads/Parcial02/Content/RPaintPackVol17/Textures/T_Picture_08_D.uexp" 1870
"C:/Users/User/Downloads/Parcial02/Content/RPaintPackVol17/Materials/Inst_Picture_08.uasset" 1871
"C:/Users/User/Downloads/Parcial02/Content/RPaintPackVol17/Materials/Inst_Picture_08.uexp" 1872
"C:/Users/User/Downloads/Parcial02/Content/RPaintPackVol17/Textures/T_Frame_02_N.ubulk" 1873
"C:/Users/User/Downloads/Parcial02/Content/RPaintPackVol17/Textures/T_Frame_02_N.uasset" 1874
"C:/Users/User/Downloads/Parcial02/Content/RPaintPackVol17/Textures/T_Frame_02_N.uexp" 1875
"C:/Users/User/Downloads/Parcial02/Content/RPaintPackVol17/Textures/T_Frame_02_ID.ubulk" 1876
"C:/Users/User/Downloads/Parcial02/Content/RPaintPackVol17/Textures/T_Frame_02_ID.uasset" 1877
"C:/Users/User/Downloads/Parcial02/Content/RPaintPackVol17/Textures/T_Frame_02_ID.uexp" 1878
"C:/Users/User/Downloads/Parcial02/Content/RPaintPackVol17/Textures/T_Frame_02_D.ubulk" 1879
"C:/Users/User/Downloads/Parcial02/Content/RPaintPackVol17/Textures/T_Frame_02_D.uasset" 1880
"C:/Users/User/Downloads/Parcial02/Content/RPaintPackVol17/Textures/T_Frame_02_D.uexp" 1881
"C:/Users/User/Downloads/Parcial02/Content/RPaintPackVol17/Textures/T_Frame_02_ARM.ubulk" 1882
"C:/Users/User/Downloads/Parcial02/Content/RPaintPackVol17/Textures/T_Frame_02_ARM.uasset" 1883
"C:/Users/User/Downloads/Parcial02/Content/RPaintPackVol17/Textures/T_Frame_02_ARM.uexp" 1884
"C:/Users/User/Downloads/Parcial02/Content/RPaintPackVol17/Materials/Inst_Frame_02.uasset" 1885
"C:/Users/User/Downloads/Parcial02/Content/RPaintPackVol17/Materials/Inst_Frame_02.uexp" 1886
"C:/Users/User/Downloads/Parcial02/Content/RPaintPackVol17/Meshes/SM_Picture_08.ubulk" 1887
"C:/Users/User/Downloads/Parcial02/Content/RPaintPackVol17/Meshes/SM_Picture_08.uasset" 1888
"C:/Users/User/Downloads/Parcial02/Content/RPaintPackVol17/Meshes/SM_Picture_08.uexp" 1889
"C:/Users/User/Downloads/Parcial02/Content/RPaintPackVol17/Textures/T_Picture_06_D.ubulk" 1890
"C:/Users/User/Downloads/Parcial02/Content/RPaintPackVol17/Textures/T_Picture_06_D.uasset" 1891
"C:/Users/User/Downloads/Parcial02/Content/RPaintPackVol17/Textures/T_Picture_06_D.uexp" 1892
"C:/Users/User/Downloads/Parcial02/Content/RPaintPackVol17/Materials/Inst_Picture_06.uasset" 1893
"C:/Users/User/Downloads/Parcial02/Content/RPaintPackVol17/Materials/Inst_Picture_06.uexp" 1894
"C:/Users/User/Downloads/Parcial02/Content/RPaintPackVol17/Meshes/SM_Picture_06.ubulk" 1895
"C:/Users/User/Downloads/Parcial02/Content/RPaintPackVol17/Meshes/SM_Picture_06.uasset" 1896
"C:/Users/User/Downloads/Parcial02/Content/RPaintPackVol17/Meshes/SM_Picture_06.uexp" 1897
"C:/Users/User/Downloads/Parcial02/Content/RPaintPackVol17/Textures/T_Picture_N.ubulk" 1898
"C:/Users/User/Downloads/Parcial02/Content/RPaintPackVol17/Textures/T_Picture_N.uasset" 1899
"C:/Users/User/Downloads/Parcial02/Content/RPaintPackVol17/Textures/T_Picture_N.uexp" 1900
"C:/Users/User/Downloads/Parcial02/Content/RPaintPackVol17/Textures/T_Picture_05_D.ubulk" 1901
"C:/Users/User/Downloads/Parcial02/Content/RPaintPackVol17/Textures/T_Picture_05_D.uasset" 1902
"C:/Users/User/Downloads/Parcial02/Content/RPaintPackVol17/Textures/T_Picture_05_D.uexp" 1903
"C:/Users/User/Downloads/Parcial02/Content/RPaintPackVol17/Materials/Inst_Picture_05.uasset" 1904
"C:/Users/User/Downloads/Parcial02/Content/RPaintPackVol17/Materials/Inst_Picture_05.uexp" 1905
"C:/Users/User/Downloads/Parcial02/Content/RPaintPackVol17/Textures/T_Frame_05_N.ubulk" 1906
"C:/Users/User/Downloads/Parcial02/Content/RPaintPackVol17/Textures/T_Frame_05_N.uasset" 1907
"C:/Users/User/Downloads/Parcial02/Content/RPaintPackVol17/Textures/T_Frame_05_N.uexp" 1908
"C:/Users/User/Downloads/Parcial02/Content/RPaintPackVol17/Textures/T_Frame_05_ID.ubulk" 1909
"C:/Users/User/Downloads/Parcial02/Content/RPaintPackVol17/Textures/T_Frame_05_ID.uasset" 1910
"C:/Users/User/Downloads/Parcial02/Content/RPaintPackVol17/Textures/T_Frame_05_ID.uexp" 1911
"C:/Users/User/Downloads/Parcial02/Content/RPaintPackVol17/Textures/T_Frame_05_D.ubulk" 1912
"C:/Users/User/Downloads/Parcial02/Content/RPaintPackVol17/Textures/T_Frame_05_D.uasset" 1913
"C:/Users/User/Downloads/Parcial02/Content/RPaintPackVol17/Textures/T_Frame_05_D.uexp" 1914
"C:/Users/User/Downloads/Parcial02/Content/RPaintPackVol17/Textures/T_Frame_05_ARM.ubulk" 1915
"C:/Users/User/Downloads/Parcial02/Content/RPaintPackVol17/Textures/T_Frame_05_ARM.uasset" 1916
"C:/Users/User/Downloads/Parcial02/Content/RPaintPackVol17/Textures/T_Frame_05_ARM.uexp" 1917
"C:/Users/User/Downloads/Parcial02/Content/RPaintPackVol17/Materials/Inst_Frame_05.uasset" 1918
"C:/Users/User/Downloads/Parcial02/Content/RPaintPackVol17/Materials/Inst_Frame_05.uexp" 1919
"C:/Users/User/Downloads/Parcial02/Content/RPaintPackVol17/Meshes/SM_Picture_05.ubulk" 1920
"C:/Users/User/Downloads/Parcial02/Content/RPaintPackVol17/Meshes/SM_Picture_05.uasset" 1921
"C:/Users/User/Downloads/Parcial02/Content/RPaintPackVol17/Meshes/SM_Picture_05.uexp" 1922
"C:/Users/User/Downloads/Parcial02/Content/RPaintPackVol17/Textures/T_Picture_04_D.ubulk" 1923
"C:/Users/User/Downloads/Parcial02/Content/RPaintPackVol17/Textures/T_Picture_04_D.uasset" 1924
"C:/Users/User/Downloads/Parcial02/Content/RPaintPackVol17/Textures/T_Picture_04_D.uexp" 1925
"C:/Users/User/Downloads/Parcial02/Content/RPaintPackVol17/Materials/Inst_Picture_04.uasset" 1926
"C:/Users/User/Downloads/Parcial02/Content/RPaintPackVol17/Materials/Inst_Picture_04.uexp" 1927
"C:/Users/User/Downloads/Parcial02/Content/RPaintPackVol17/Textures/T_Frame_04_N.ubulk" 1928
"C:/Users/User/Downloads/Parcial02/Content/RPaintPackVol17/Textures/T_Frame_04_N.uasset" 1929
"C:/Users/User/Downloads/Parcial02/Content/RPaintPackVol17/Textures/T_Frame_04_N.uexp" 1930
"C:/Users/User/Downloads/Parcial02/Content/RPaintPackVol17/Textures/T_Frame_04_ID.ubulk" 1931
"C:/Users/User/Downloads/Parcial02/Content/RPaintPackVol17/Textures/T_Frame_04_ID.uasset" 1932
"C:/Users/User/Downloads/Parcial02/Content/RPaintPackVol17/Textures/T_Frame_04_ID.uexp" 1933
"C:/Users/User/Downloads/Parcial02/Content/RPaintPackVol17/Textures/T_Frame_04_D.ubulk" 1934
"C:/Users/User/Downloads/Parcial02/Content/RPaintPackVol17/Textures/T_Frame_04_D.uasset" 1935
"C:/Users/User/Downloads/Parcial02/Content/RPaintPackVol17/Textures/T_Frame_04_D.uexp" 1936
"C:/Users/User/Downloads/Parcial02/Content/RPaintPackVol17/Textures/T_Frame_04_ARM.ubulk" 1937
"C:/Users/User/Downloads/Parcial02/Content/RPaintPackVol17/Textures/T_Frame_04_ARM.uasset" 1938
"C:/Users/User/Downloads/Parcial02/Content/RPaintPackVol17/Textures/T_Frame_04_ARM.uexp" 1939
"C:/Users/User/Downloads/Parcial02/Content/RPaintPackVol17/Materials/Inst_Frame_04.uasset" 1940
"C:/Users/User/Downloads/Parcial02/Content/RPaintPackVol17/Materials/Inst_Frame_04.uexp" 1941
"C:/Users/User/Downloads/Parcial02/Content/RPaintPackVol17/Meshes/SM_Picture_04.ubulk" 1942
"C:/Users/User/Downloads/Parcial02/Content/RPaintPackVol17/Meshes/SM_Picture_04.uasset" 1943
"C:/Users/User/Downloads/Parcial02/Content/RPaintPackVol17/Meshes/SM_Picture_04.uexp" 1944
"C:/Users/User/Downloads/Parcial02/Content/RPaintPackVol17/coque.uasset" 1945
"C:/Users/User/Downloads/Parcial02/Content/RPaintPackVol17/coque.uexp" 1946
"C:/Users/User/Downloads/Parcial02/Content/RPaintPackVol17/Materials/Inst_Picture_03.uasset" 1947
"C:/Users/User/Downloads/Parcial02/Content/RPaintPackVol17/Materials/Inst_Picture_03.uexp" 1948
"C:/Users/User/Downloads/Parcial02/Content/RPaintPackVol17/Textures/T_Frame_03_N.ubulk" 1949
"C:/Users/User/Downloads/Parcial02/Content/RPaintPackVol17/Textures/T_Frame_03_N.uasset" 1950
"C:/Users/User/Downloads/Parcial02/Content/RPaintPackVol17/Textures/T_Frame_03_N.uexp" 1951
"C:/Users/User/Downloads/Parcial02/Content/RPaintPackVol17/Textures/T_Frame_03_ID.ubulk" 1952
"C:/Users/User/Downloads/Parcial02/Content/RPaintPackVol17/Textures/T_Frame_03_ID.uasset" 1953
"C:/Users/User/Downloads/Parcial02/Content/RPaintPackVol17/Textures/T_Frame_03_ID.uexp" 1954
"C:/Users/User/Downloads/Parcial02/Content/RPaintPackVol17/Textures/T_Frame_03_D.ubulk" 1955
"C:/Users/User/Downloads/Parcial02/Content/RPaintPackVol17/Textures/T_Frame_03_D.uasset" 1956
"C:/Users/User/Downloads/Parcial02/Content/RPaintPackVol17/Textures/T_Frame_03_D.uexp" 1957
"C:/Users/User/Downloads/Parcial02/Content/RPaintPackVol17/Textures/T_Frame_03_ARM.ubulk" 1958
"C:/Users/User/Downloads/Parcial02/Content/RPaintPackVol17/Textures/T_Frame_03_ARM.uasset" 1959
"C:/Users/User/Downloads/Parcial02/Content/RPaintPackVol17/Textures/T_Frame_03_ARM.uexp" 1960
"C:/Users/User/Downloads/Parcial02/Content/RPaintPackVol17/Materials/Inst_Frame_03.uasset" 1961
"C:/Users/User/Downloads/Parcial02/Content/RPaintPackVol17/Materials/Inst_Frame_03.uexp" 1962
"C:/Users/User/Downloads/Parcial02/Content/RPaintPackVol17/Meshes/SM_Picture_03.ubulk" 1963
"C:/Users/User/Downloads/Parcial02/Content/RPaintPackVol17/Meshes/SM_Picture_03.uasset" 1964
"C:/Users/User/Downloads/Parcial02/Content/RPaintPackVol17/Meshes/SM_Picture_03.uexp" 1965
"C:/Users/User/Downloads/Parcial02/Content/RPaintPackVol17/Textures/T_Picture_02_D.ubulk" 1966
"C:/Users/User/Downloads/Parcial02/Content/RPaintPackVol17/Textures/T_Picture_02_D.uasset" 1967
"C:/Users/User/Downloads/Parcial02/Content/RPaintPackVol17/Textures/T_Picture_02_D.uexp" 1968
"C:/Users/User/Downloads/Parcial02/Content/RPaintPackVol17/Materials/Inst_Picture_02.uasset" 1969
"C:/Users/User/Downloads/Parcial02/Content/RPaintPackVol17/Materials/Inst_Picture_02.uexp" 1970
"C:/Users/User/Downloads/Parcial02/Content/RPaintPackVol17/Meshes/SM_Picture_02.ubulk" 1971
"C:/Users/User/Downloads/Parcial02/Content/RPaintPackVol17/Meshes/SM_Picture_02.uasset" 1972
"C:/Users/User/Downloads/Parcial02/Content/RPaintPackVol17/Meshes/SM_Picture_02.uexp" 1973
"C:/Users/User/Downloads/Parcial02/Content/RPaintPackVol17/Textures/T_Picture_01_D.uasset" 1974
"C:/Users/User/Downloads/Parcial02/Content/RPaintPackVol17/Textures/T_Picture_01_D.uexp" 1975
"C:/Users/User/Downloads/Parcial02/Content/RPaintPackVol17/Materials/Inst_Picture_01.uasset" 1976
"C:/Users/User/Downloads/Parcial02/Content/RPaintPackVol17/Materials/Inst_Picture_01.uexp" 1977
"C:/Users/User/Downloads/Parcial02/Content/RPaintPackVol17/Meshes/SM_Picture_01.ubulk" 1978
"C:/Users/User/Downloads/Parcial02/Content/RPaintPackVol17/Meshes/SM_Picture_01.uasset" 1979
"C:/Users/User/Downloads/Parcial02/Content/RPaintPackVol17/Meshes/SM_Picture_01.uexp" 1980
"C:/Users/User/Downloads/Parcial02/Content/RPaintPackVol17/Textures/T_Wood_02_R.ubulk" 1981
"C:/Users/User/Downloads/Parcial02/Content/RPaintPackVol17/Textures/T_Wood_02_R.uasset" 1982
"C:/Users/User/Downloads/Parcial02/Content/RPaintPackVol17/Textures/T_Wood_02_R.uexp" 1983
"C:/Users/User/Downloads/Parcial02/Content/RPaintPackVol17/Textures/T_Wood_02_N.ubulk" 1984
"C:/Users/User/Downloads/Parcial02/Content/RPaintPackVol17/Textures/T_Wood_02_N.uasset" 1985
"C:/Users/User/Downloads/Parcial02/Content/RPaintPackVol17/Textures/T_Wood_02_N.uexp" 1986
"C:/Users/User/Downloads/Parcial02/Content/RPaintPackVol17/Textures/T_Wood_02_D.ubulk" 1987
"C:/Users/User/Downloads/Parcial02/Content/RPaintPackVol17/Textures/T_Wood_02_D.uasset" 1988
"C:/Users/User/Downloads/Parcial02/Content/RPaintPackVol17/Textures/T_Wood_02_D.uexp" 1989
"C:/Users/User/Downloads/Parcial02/Content/RPaintPackVol17/Materials/Inst_Photo_Frame.uasset" 1990
"C:/Users/User/Downloads/Parcial02/Content/RPaintPackVol17/Materials/Inst_Photo_Frame.uexp" 1991
"C:/Users/User/Downloads/Parcial02/Content/RPaintPackVol17/Textures/T_Photo_05_D.ubulk" 1992
"C:/Users/User/Downloads/Parcial02/Content/RPaintPackVol17/Textures/T_Photo_05_D.uasset" 1993
"C:/Users/User/Downloads/Parcial02/Content/RPaintPackVol17/Textures/T_Photo_05_D.uexp" 1994
"C:/Users/User/Downloads/Parcial02/Content/RPaintPackVol17/Materials/M_Photo_Base.uasset" 1995
"C:/Users/User/Downloads/Parcial02/Content/RPaintPackVol17/Materials/M_Photo_Base.uexp" 1996
"C:/Users/User/Downloads/Parcial02/Content/RPaintPackVol17/Materials/Inst_Photo_05.uasset" 1997
"C:/Users/User/Downloads/Parcial02/Content/RPaintPackVol17/Materials/Inst_Photo_05.uexp" 1998
"C:/Users/User/Downloads/Parcial02/Content/RPaintPackVol17/Meshes/SM_Photo_05.ubulk" 1999
"C:/Users/User/Downloads/Parcial02/Content/RPaintPackVol17/Meshes/SM_Photo_05.uasset" 2000
"C:/Users/User/Downloads/Parcial02/Content/RPaintPackVol17/Meshes/SM_Photo_05.uexp" 2001
"C:/Users/User/Downloads/Parcial02/Content/RPaintPackVol17/Textures/T_Photo_04_D.ubulk" 2002
"C:/Users/User/Downloads/Parcial02/Content/RPaintPackVol17/Textures/T_Photo_04_D.uasset" 2003
"C:/Users/User/Downloads/Parcial02/Content/RPaintPackVol17/Textures/T_Photo_04_D.uexp" 2004
"C:/Users/User/Downloads/Parcial02/Content/RPaintPackVol17/Materials/Inst_Photo_04.uasset" 2005
"C:/Users/User/Downloads/Parcial02/Content/RPaintPackVol17/Materials/Inst_Photo_04.uexp" 2006
"C:/Users/User/Downloads/Parcial02/Content/RPaintPackVol17/Meshes/SM_Photo_04.ubulk" 2007
"C:/Users/User/Downloads/Parcial02/Content/RPaintPackVol17/Meshes/SM_Photo_04.uasset" 2008
"C:/Users/User/Downloads/Parcial02/Content/RPaintPackVol17/Meshes/SM_Photo_04.uexp" 2009
"C:/Users/User/Downloads/Parcial02/Content/RPaintPackVol17/Textures/T_Photo_03_D.ubulk" 2010
"C:/Users/User/Downloads/Parcial02/Content/RPaintPackVol17/Textures/T_Photo_03_D.uasset" 2011
"C:/Users/User/Downloads/Parcial02/Content/RPaintPackVol17/Textures/T_Photo_03_D.uexp" 2012
"C:/Users/User/Downloads/Parcial02/Content/RPaintPackVol17/Materials/Inst_Photo_03.uasset" 2013
"C:/Users/User/Downloads/Parcial02/Content/RPaintPackVol17/Materials/Inst_Photo_03.uexp" 2014
"C:/Users/User/Downloads/Parcial02/Content/RPaintPackVol17/Meshes/SM_Photo_03.ubulk" 2015
"C:/Users/User/Downloads/Parcial02/Content/RPaintPackVol17/Meshes/SM_Photo_03.uasset" 2016
"C:/Users/User/Downloads/Parcial02/Content/RPaintPackVol17/Meshes/SM_Photo_03.uexp" 2017
"C:/Users/User/Downloads/Parcial02/Content/OldWest/VOL5/Textures/TX_M_Stove_01a_RMA.ubulk" 2018
"C:/Users/User/Downloads/Parcial02/Content/OldWest/VOL5/Textures/TX_M_Stove_01a_RMA.uasset" 2019
"C:/Users/User/Downloads/Parcial02/Content/OldWest/VOL5/Textures/TX_M_Stove_01a_RMA.uexp" 2020
"C:/Users/User/Downloads/Parcial02/Content/OldWest/VOL5/Textures/TX_M_Stove_01a_NRM.ubulk" 2021
"C:/Users/User/Downloads/Parcial02/Content/OldWest/VOL5/Textures/TX_M_Stove_01a_NRM.uasset" 2022
"C:/Users/User/Downloads/Parcial02/Content/OldWest/VOL5/Textures/TX_M_Stove_01a_NRM.uexp" 2023
"C:/Users/User/Downloads/Parcial02/Content/OldWest/VOL5/Textures/TX_M_Stove_01a_ALB.ubulk" 2024
"C:/Users/User/Downloads/Parcial02/Content/OldWest/VOL5/Textures/TX_M_Stove_01a_ALB.uasset" 2025
"C:/Users/User/Downloads/Parcial02/Content/OldWest/VOL5/Textures/TX_M_Stove_01a_ALB.uexp" 2026
"../../../Engine/Content/Functions/Engine_MaterialFunctions01/Shading/FuzzyShading.uasset" 2027
"../../../Engine/Content/Functions/Engine_MaterialFunctions01/Shading/FuzzyShading.uexp" 2028
"C:/Users/User/Downloads/Parcial02/Content/OldWest/Shared/Textures/TX_Fill_01_ALB.ubulk" 2029
"C:/Users/User/Downloads/Parcial02/Content/OldWest/Shared/Textures/TX_Fill_01_ALB.uasset" 2030
"C:/Users/User/Downloads/Parcial02/Content/OldWest/Shared/Textures/TX_Fill_01_ALB.uexp" 2031
"C:/Users/User/Downloads/Parcial02/Content/OldWest/Shared/Textures/TX_Fill_01_NRM.ubulk" 2032
"C:/Users/User/Downloads/Parcial02/Content/OldWest/Shared/Textures/TX_Fill_01_NRM.uasset" 2033
"C:/Users/User/Downloads/Parcial02/Content/OldWest/Shared/Textures/TX_Fill_01_NRM.uexp" 2034
"C:/Users/User/Downloads/Parcial02/Content/OldWest/Shared/Textures/TX_Fill_01_RMA.ubulk" 2035
"C:/Users/User/Downloads/Parcial02/Content/OldWest/Shared/Textures/TX_Fill_01_RMA.uasset" 2036
"C:/Users/User/Downloads/Parcial02/Content/OldWest/Shared/Textures/TX_Fill_01_RMA.uexp" 2037
"C:/Users/User/Downloads/Parcial02/Content/OldWest/Shared/Materials/MF_Normal_Intensity_01a.uasset" 2038
"C:/Users/User/Downloads/Parcial02/Content/OldWest/Shared/Materials/MF_Normal_Intensity_01a.uexp" 2039
"C:/Users/User/Downloads/Parcial02/Content/OldWest/Shared/Materials/MM_MasterMaterial_01a.uasset" 2040
"C:/Users/User/Downloads/Parcial02/Content/OldWest/Shared/Materials/MM_MasterMaterial_01a.uexp" 2041
"C:/Users/User/Downloads/Parcial02/Content/OldWest/VOL5/Materials/MI_Stove_01a.uasset" 2042
"C:/Users/User/Downloads/Parcial02/Content/OldWest/VOL5/Materials/MI_Stove_01a.uexp" 2043
"C:/Users/User/Downloads/Parcial02/Content/OldWest/VOL5/Meshes/SM_Stove_01b.ubulk" 2044
"C:/Users/User/Downloads/Parcial02/Content/OldWest/VOL5/Meshes/SM_Stove_01b.uasset" 2045
"C:/Users/User/Downloads/Parcial02/Content/OldWest/VOL5/Meshes/SM_Stove_01b.uexp" 2046
"C:/Users/User/Downloads/Parcial02/Content/OldWest/VOL5/Textures/TX_Rug_01a_RMA.ubulk" 2047
"C:/Users/User/Downloads/Parcial02/Content/OldWest/VOL5/Textures/TX_Rug_01a_RMA.uasset" 2048
"C:/Users/User/Downloads/Parcial02/Content/OldWest/VOL5/Textures/TX_Rug_01a_RMA.uexp" 2049
"C:/Users/User/Downloads/Parcial02/Content/OldWest/VOL5/Textures/TX_Rug_01a_NRM.ubulk" 2050
"C:/Users/User/Downloads/Parcial02/Content/OldWest/VOL5/Textures/TX_Rug_01a_NRM.uasset" 2051
"C:/Users/User/Downloads/Parcial02/Content/OldWest/VOL5/Textures/TX_Rug_01a_NRM.uexp" 2052
"C:/Users/User/Downloads/Parcial02/Content/OldWest/VOL5/Textures/TX_Rug_01a_ALB.ubulk" 2053
"C:/Users/User/Downloads/Parcial02/Content/OldWest/VOL5/Textures/TX_Rug_01a_ALB.uasset" 2054
"C:/Users/User/Downloads/Parcial02/Content/OldWest/VOL5/Textures/TX_Rug_01a_ALB.uexp" 2055
"C:/Users/User/Downloads/Parcial02/Content/OldWest/VOL5/Materials/MI_Rug_01a.uasset" 2056
"C:/Users/User/Downloads/Parcial02/Content/OldWest/VOL5/Materials/MI_Rug_01a.uexp" 2057
"C:/Users/User/Downloads/Parcial02/Content/OldWest/VOL5/Meshes/SM_Rug_01a.ubulk" 2058
"C:/Users/User/Downloads/Parcial02/Content/OldWest/VOL5/Meshes/SM_Rug_01a.uasset" 2059
"C:/Users/User/Downloads/Parcial02/Content/OldWest/VOL5/Meshes/SM_Rug_01a.uexp" 2060
"C:/Users/User/Downloads/Parcial02/Content/OldWest/VOL5/Textures/TX_Rugs_02b_RMA.ubulk" 2061
"C:/Users/User/Downloads/Parcial02/Content/OldWest/VOL5/Textures/TX_Rugs_02b_RMA.uasset" 2062
"C:/Users/User/Downloads/Parcial02/Content/OldWest/VOL5/Textures/TX_Rugs_02b_RMA.uexp" 2063
"C:/Users/User/Downloads/Parcial02/Content/OldWest/VOL5/Textures/TX_Rugs_02b_NRM.ubulk" 2064
"C:/Users/User/Downloads/Parcial02/Content/OldWest/VOL5/Textures/TX_Rugs_02b_NRM.uasset" 2065
"C:/Users/User/Downloads/Parcial02/Content/OldWest/VOL5/Textures/TX_Rugs_02b_NRM.uexp" 2066
"C:/Users/User/Downloads/Parcial02/Content/OldWest/VOL5/Textures/TX_Rugs_02b_ALB.ubulk" 2067
"C:/Users/User/Downloads/Parcial02/Content/OldWest/VOL5/Textures/TX_Rugs_02b_ALB.uasset" 2068
"C:/Users/User/Downloads/Parcial02/Content/OldWest/VOL5/Textures/TX_Rugs_02b_ALB.uexp" 2069
"C:/Users/User/Downloads/Parcial02/Content/OldWest/VOL5/Textures/TX_Curtains_01a_DNRM.ubulk" 2070
"C:/Users/User/Downloads/Parcial02/Content/OldWest/VOL5/Textures/TX_Curtains_01a_DNRM.uasset" 2071
"C:/Users/User/Downloads/Parcial02/Content/OldWest/VOL5/Textures/TX_Curtains_01a_DNRM.uexp" 2072
"C:/Users/User/Downloads/Parcial02/Content/OldWest/VOL5/Materials/MI_Rug_02a.uasset" 2073
"C:/Users/User/Downloads/Parcial02/Content/OldWest/VOL5/Materials/MI_Rug_02a.uexp" 2074
"C:/Users/User/Downloads/Parcial02/Content/OldWest/VOL5/Meshes/SM_Rugs_02b.ubulk" 2075
"C:/Users/User/Downloads/Parcial02/Content/OldWest/VOL5/Meshes/SM_Rugs_02b.uasset" 2076
"C:/Users/User/Downloads/Parcial02/Content/OldWest/VOL5/Meshes/SM_Rugs_02b.uexp" 2077
"C:/Users/User/Downloads/Parcial02/Content/OldWest/VOL5/Textures/TX_Pokertable_NN_01a_RMA.ubulk" 2078
"C:/Users/User/Downloads/Parcial02/Content/OldWest/VOL5/Textures/TX_Pokertable_NN_01a_RMA.uasset" 2079
"C:/Users/User/Downloads/Parcial02/Content/OldWest/VOL5/Textures/TX_Pokertable_NN_01a_RMA.uexp" 2080
"C:/Users/User/Downloads/Parcial02/Content/OldWest/VOL5/Textures/TX_Pokertable_NN_01a_NRM.ubulk" 2081
"C:/Users/User/Downloads/Parcial02/Content/OldWest/VOL5/Textures/TX_Pokertable_NN_01a_NRM.uasset" 2082
"C:/Users/User/Downloads/Parcial02/Content/OldWest/VOL5/Textures/TX_Pokertable_NN_01a_NRM.uexp" 2083
"C:/Users/User/Downloads/Parcial02/Content/OldWest/VOL5/Textures/TX_Pokertable_NN_01a_ALB.ubulk" 2084
"C:/Users/User/Downloads/Parcial02/Content/OldWest/VOL5/Textures/TX_Pokertable_NN_01a_ALB.uasset" 2085
"C:/Users/User/Downloads/Parcial02/Content/OldWest/VOL5/Textures/TX_Pokertable_NN_01a_ALB.uexp" 2086
"C:/Users/User/Downloads/Parcial02/Content/OldWest/VOL5/Materials/MI_Poker_Table_NN_01a.uasset" 2087
"C:/Users/User/Downloads/Parcial02/Content/OldWest/VOL5/Materials/MI_Poker_Table_NN_01a.uexp" 2088
"C:/Users/User/Downloads/Parcial02/Content/OldWest/VOL5/Meshes/SM_Pokertable_NN_01a.ubulk" 2089
"C:/Users/User/Downloads/Parcial02/Content/OldWest/VOL5/Meshes/SM_Pokertable_NN_01a.uasset" 2090
"C:/Users/User/Downloads/Parcial02/Content/OldWest/VOL5/Meshes/SM_Pokertable_NN_01a.uexp" 2091
"C:/Users/User/Downloads/Parcial02/Content/OldWest/VOL5/Textures/TX_Curtains_NN_01a_RMA.ubulk" 2092
"C:/Users/User/Downloads/Parcial02/Content/OldWest/VOL5/Textures/TX_Curtains_NN_01a_RMA.uasset" 2093
"C:/Users/User/Downloads/Parcial02/Content/OldWest/VOL5/Textures/TX_Curtains_NN_01a_RMA.uexp" 2094
"C:/Users/User/Downloads/Parcial02/Content/OldWest/VOL5/Textures/TX_Curtains_NN_01a_NRM.ubulk" 2095
"C:/Users/User/Downloads/Parcial02/Content/OldWest/VOL5/Textures/TX_Curtains_NN_01a_NRM.uasset" 2096
"C:/Users/User/Downloads/Parcial02/Content/OldWest/VOL5/Textures/TX_Curtains_NN_01a_NRM.uexp" 2097
"C:/Users/User/Downloads/Parcial02/Content/OldWest/VOL5/Textures/TX_Curtains_NN_01a_M.ubulk" 2098
"C:/Users/User/Downloads/Parcial02/Content/OldWest/VOL5/Textures/TX_Curtains_NN_01a_M.uasset" 2099
"C:/Users/User/Downloads/Parcial02/Content/OldWest/VOL5/Textures/TX_Curtains_NN_01a_M.uexp" 2100
"C:/Users/User/Downloads/Parcial02/Content/OldWest/VOL5/Textures/TX_Curtains_NN_01a_ALB.ubulk" 2101
"C:/Users/User/Downloads/Parcial02/Content/OldWest/VOL5/Textures/TX_Curtains_NN_01a_ALB.uasset" 2102
"C:/Users/User/Downloads/Parcial02/Content/OldWest/VOL5/Textures/TX_Curtains_NN_01a_ALB.uexp" 2103
"C:/Users/User/Downloads/Parcial02/Content/OldWest/VOL5/Materials/MI_Curtain_NN_01a.uasset" 2104
"C:/Users/User/Downloads/Parcial02/Content/OldWest/VOL5/Materials/MI_Curtain_NN_01a.uexp" 2105
"C:/Users/User/Downloads/Parcial02/Content/OldWest/VOL5/Meshes/SM_Curtains_NN_01d.ubulk" 2106
"C:/Users/User/Downloads/Parcial02/Content/OldWest/VOL5/Meshes/SM_Curtains_NN_01d.uasset" 2107
"C:/Users/User/Downloads/Parcial02/Content/OldWest/VOL5/Meshes/SM_Curtains_NN_01d.uexp" 2108
"C:/Users/User/Downloads/Parcial02/Content/OldWest/VOL5/Textures/TX_Curtains_02a_RMA.ubulk" 2109
"C:/Users/User/Downloads/Parcial02/Content/OldWest/VOL5/Textures/TX_Curtains_02a_RMA.uasset" 2110
"C:/Users/User/Downloads/Parcial02/Content/OldWest/VOL5/Textures/TX_Curtains_02a_RMA.uexp" 2111
"C:/Users/User/Downloads/Parcial02/Content/OldWest/VOL5/Textures/TX_Curtains_02a_NRM.ubulk" 2112
"C:/Users/User/Downloads/Parcial02/Content/OldWest/VOL5/Textures/TX_Curtains_02a_NRM.uasset" 2113
"C:/Users/User/Downloads/Parcial02/Content/OldWest/VOL5/Textures/TX_Curtains_02a_NRM.uexp" 2114
"C:/Users/User/Downloads/Parcial02/Content/OldWest/VOL5/Textures/TX_Curtains_02a_M.ubulk" 2115
"C:/Users/User/Downloads/Parcial02/Content/OldWest/VOL5/Textures/TX_Curtains_02a_M.uasset" 2116
"C:/Users/User/Downloads/Parcial02/Content/OldWest/VOL5/Textures/TX_Curtains_02a_M.uexp" 2117
"C:/Users/User/Downloads/Parcial02/Content/OldWest/VOL5/Textures/TX_Curtains_02a_ALB.ubulk" 2118
"C:/Users/User/Downloads/Parcial02/Content/OldWest/VOL5/Textures/TX_Curtains_02a_ALB.uasset" 2119
"C:/Users/User/Downloads/Parcial02/Content/OldWest/VOL5/Textures/TX_Curtains_02a_ALB.uexp" 2120
"C:/Users/User/Downloads/Parcial02/Content/OldWest/VOL5/Materials/MI_Curtain_02a.uasset" 2121
"C:/Users/User/Downloads/Parcial02/Content/OldWest/VOL5/Materials/MI_Curtain_02a.uexp" 2122
"C:/Users/User/Downloads/Parcial02/Content/OldWest/VOL5/Meshes/SM_Curtains_02c.ubulk" 2123
"C:/Users/User/Downloads/Parcial02/Content/OldWest/VOL5/Meshes/SM_Curtains_02c.uasset" 2124
"C:/Users/User/Downloads/Parcial02/Content/OldWest/VOL5/Meshes/SM_Curtains_02c.uexp" 2125
"C:/Users/User/Downloads/Parcial02/Content/OldWest/VOL5/Meshes/SM_Curtains_02b.ubulk" 2126
"C:/Users/User/Downloads/Parcial02/Content/OldWest/VOL5/Meshes/SM_Curtains_02b.uasset" 2127
"C:/Users/User/Downloads/Parcial02/Content/OldWest/VOL5/Meshes/SM_Curtains_02b.uexp" 2128
"C:/Users/User/Downloads/Parcial02/Content/OldWest/VOL5/Textures/TX_Curtains_01a_RMA.ubulk" 2129
"C:/Users/User/Downloads/Parcial02/Content/OldWest/VOL5/Textures/TX_Curtains_01a_RMA.uasset" 2130
"C:/Users/User/Downloads/Parcial02/Content/OldWest/VOL5/Textures/TX_Curtains_01a_RMA.uexp" 2131
"C:/Users/User/Downloads/Parcial02/Content/OldWest/VOL5/Textures/TX_Curtains_01a_NRM.ubulk" 2132
"C:/Users/User/Downloads/Parcial02/Content/OldWest/VOL5/Textures/TX_Curtains_01a_NRM.uasset" 2133
"C:/Users/User/Downloads/Parcial02/Content/OldWest/VOL5/Textures/TX_Curtains_01a_NRM.uexp" 2134
"C:/Users/User/Downloads/Parcial02/Content/OldWest/VOL5/Textures/TX_Curtains_01a_M.ubulk" 2135
"C:/Users/User/Downloads/Parcial02/Content/OldWest/VOL5/Textures/TX_Curtains_01a_M.uasset" 2136
"C:/Users/User/Downloads/Parcial02/Content/OldWest/VOL5/Textures/TX_Curtains_01a_M.uexp" 2137
"C:/Users/User/Downloads/Parcial02/Content/OldWest/VOL5/Textures/TX_Curtains_01a_ALB.ubulk" 2138
"C:/Users/User/Downloads/Parcial02/Content/OldWest/VOL5/Textures/TX_Curtains_01a_ALB.uasset" 2139
"C:/Users/User/Downloads/Parcial02/Content/OldWest/VOL5/Textures/TX_Curtains_01a_ALB.uexp" 2140
"C:/Users/User/Downloads/Parcial02/Content/OldWest/VOL5/Materials/MI_Curtain_01a.uasset" 2141
"C:/Users/User/Downloads/Parcial02/Content/OldWest/VOL5/Materials/MI_Curtain_01a.uexp" 2142
"C:/Users/User/Downloads/Parcial02/Content/OldWest/VOL5/Meshes/SM_Curtains_01c.ubulk" 2143
"C:/Users/User/Downloads/Parcial02/Content/OldWest/VOL5/Meshes/SM_Curtains_01c.uasset" 2144
"C:/Users/User/Downloads/Parcial02/Content/OldWest/VOL5/Meshes/SM_Curtains_01c.uexp" 2145
"C:/Users/User/Downloads/Parcial02/Content/OldWest/VOL5/Meshes/SM_Curtains_01b.ubulk" 2146
"C:/Users/User/Downloads/Parcial02/Content/OldWest/VOL5/Meshes/SM_Curtains_01b.uasset" 2147
"C:/Users/User/Downloads/Parcial02/Content/OldWest/VOL5/Meshes/SM_Curtains_01b.uexp" 2148
"C:/Users/User/Downloads/Parcial02/Content/OldWest/VOL5/Textures/TX_Armchair_NN_01a_RMA.ubulk" 2149
"C:/Users/User/Downloads/Parcial02/Content/OldWest/VOL5/Textures/TX_Armchair_NN_01a_RMA.uasset" 2150
"C:/Users/User/Downloads/Parcial02/Content/OldWest/VOL5/Textures/TX_Armchair_NN_01a_RMA.uexp" 2151
"C:/Users/User/Downloads/Parcial02/Content/OldWest/VOL5/Textures/TX_Armchair_NN_01a_NRM.ubulk" 2152
"C:/Users/User/Downloads/Parcial02/Content/OldWest/VOL5/Textures/TX_Armchair_NN_01a_NRM.uasset" 2153
"C:/Users/User/Downloads/Parcial02/Content/OldWest/VOL5/Textures/TX_Armchair_NN_01a_NRM.uexp" 2154
"C:/Users/User/Downloads/Parcial02/Content/OldWest/VOL5/Textures/TX_Armchair_NN_01a_ALB.ubulk" 2155
"C:/Users/User/Downloads/Parcial02/Content/OldWest/VOL5/Textures/TX_Armchair_NN_01a_ALB.uasset" 2156
"C:/Users/User/Downloads/Parcial02/Content/OldWest/VOL5/Textures/TX_Armchair_NN_01a_ALB.uexp" 2157
"C:/Users/User/Downloads/Parcial02/Content/OldWest/VOL5/Materials/MI_Armchair_NN_01a.uasset" 2158
"C:/Users/User/Downloads/Parcial02/Content/OldWest/VOL5/Materials/MI_Armchair_NN_01a.uexp" 2159
"C:/Users/User/Downloads/Parcial02/Content/OldWest/VOL5/Meshes/SM_Armchair_NN_01a.ubulk" 2160
"C:/Users/User/Downloads/Parcial02/Content/OldWest/VOL5/Meshes/SM_Armchair_NN_01a.uasset" 2161
"C:/Users/User/Downloads/Parcial02/Content/OldWest/VOL5/Meshes/SM_Armchair_NN_01a.uexp" 2162
"C:/Users/User/Downloads/Parcial02/Content/OldWest/VOL5/Textures/TX_Armchair_01a_RMA.ubulk" 2163
"C:/Users/User/Downloads/Parcial02/Content/OldWest/VOL5/Textures/TX_Armchair_01a_RMA.uasset" 2164
"C:/Users/User/Downloads/Parcial02/Content/OldWest/VOL5/Textures/TX_Armchair_01a_RMA.uexp" 2165
"C:/Users/User/Downloads/Parcial02/Content/OldWest/VOL5/Textures/TX_Armchair_01a_NRM.ubulk" 2166
"C:/Users/User/Downloads/Parcial02/Content/OldWest/VOL5/Textures/TX_Armchair_01a_NRM.uasset" 2167
"C:/Users/User/Downloads/Parcial02/Content/OldWest/VOL5/Textures/TX_Armchair_01a_NRM.uexp" 2168
"C:/Users/User/Downloads/Parcial02/Content/OldWest/VOL5/Textures/TX_Armchair_01a_ALB.ubulk" 2169
"C:/Users/User/Downloads/Parcial02/Content/OldWest/VOL5/Textures/TX_Armchair_01a_ALB.uasset" 2170
"C:/Users/User/Downloads/Parcial02/Content/OldWest/VOL5/Textures/TX_Armchair_01a_ALB.uexp" 2171
"C:/Users/User/Downloads/Parcial02/Content/OldWest/VOL5/Materials/MI_Armchair_01a.uasset" 2172
"C:/Users/User/Downloads/Parcial02/Content/OldWest/VOL5/Materials/MI_Armchair_01a.uexp" 2173
"C:/Users/User/Downloads/Parcial02/Content/OldWest/VOL5/Meshes/SM_Armchair_01a.ubulk" 2174
"C:/Users/User/Downloads/Parcial02/Content/OldWest/VOL5/Meshes/SM_Armchair_01a.uasset" 2175
"C:/Users/User/Downloads/Parcial02/Content/OldWest/VOL5/Meshes/SM_Armchair_01a.uexp" 2176
"C:/Users/User/Downloads/Parcial02/Content/OldFurniturePack_01/Textures/T_Carpet_01_roughness.ubulk" 2177
"C:/Users/User/Downloads/Parcial02/Content/OldFurniturePack_01/Textures/T_Carpet_01_roughness.uasset" 2178
"C:/Users/User/Downloads/Parcial02/Content/OldFurniturePack_01/Textures/T_Carpet_01_roughness.uexp" 2179
"C:/Users/User/Downloads/Parcial02/Content/OldFurniturePack_01/Textures/T_Carpet_01_normal.ubulk" 2180
"C:/Users/User/Downloads/Parcial02/Content/OldFurniturePack_01/Textures/T_Carpet_01_normal.uasset" 2181
"C:/Users/User/Downloads/Parcial02/Content/OldFurniturePack_01/Textures/T_Carpet_01_normal.uexp" 2182
"C:/Users/User/Downloads/Parcial02/Content/OldFurniturePack_01/Textures/T_Carpet_01_diffuse.ubulk" 2183
"C:/Users/User/Downloads/Parcial02/Content/OldFurniturePack_01/Textures/T_Carpet_01_diffuse.uasset" 2184
"C:/Users/User/Downloads/Parcial02/Content/OldFurniturePack_01/Textures/T_Carpet_01_diffuse.uexp" 2185
"C:/Users/User/Downloads/Parcial02/Content/OldFurniturePack_01/Textures/T_CabinetParts_roughness.ubulk" 2186
"C:/Users/User/Downloads/Parcial02/Content/OldFurniturePack_01/Textures/T_CabinetParts_roughness.uasset" 2187
"C:/Users/User/Downloads/Parcial02/Content/OldFurniturePack_01/Textures/T_CabinetParts_roughness.uexp" 2188
"C:/Users/User/Downloads/Parcial02/Content/OldFurniturePack_01/Textures/T_CabinetParts_normal.ubulk" 2189
"C:/Users/User/Downloads/Parcial02/Content/OldFurniturePack_01/Textures/T_CabinetParts_normal.uasset" 2190
"C:/Users/User/Downloads/Parcial02/Content/OldFurniturePack_01/Textures/T_CabinetParts_normal.uexp" 2191
"C:/Users/User/Downloads/Parcial02/Content/OldFurniturePack_01/Textures/T_CabinetParts_metallic.ubulk" 2192
"C:/Users/User/Downloads/Parcial02/Content/OldFurniturePack_01/Textures/T_CabinetParts_metallic.uasset" 2193
"C:/Users/User/Downloads/Parcial02/Content/OldFurniturePack_01/Textures/T_CabinetParts_metallic.uexp" 2194
"C:/Users/User/Downloads/Parcial02/Content/OldFurniturePack_01/Textures/T_CabinetParts_diffuse.ubulk" 2195
"C:/Users/User/Downloads/Parcial02/Content/OldFurniturePack_01/Textures/T_CabinetParts_diffuse.uasset" 2196
"C:/Users/User/Downloads/Parcial02/Content/OldFurniturePack_01/Textures/T_CabinetParts_diffuse.uexp" 2197
"C:/Users/User/Downloads/Parcial02/Content/OldFurniturePack_01/Materials/M_MasterMaterial.uasset" 2198
"C:/Users/User/Downloads/Parcial02/Content/OldFurniturePack_01/Materials/M_MasterMaterial.uexp" 2199
"C:/Users/User/Downloads/Parcial02/Content/OldFurniturePack_01/Materials/MI_Carpets.uasset" 2200
"C:/Users/User/Downloads/Parcial02/Content/OldFurniturePack_01/Materials/MI_Carpets.uexp" 2201
"C:/Users/User/Downloads/Parcial02/Content/OldFurniturePack_01/Meshes/SM_Carpet_02.ubulk" 2202
"C:/Users/User/Downloads/Parcial02/Content/OldFurniturePack_01/Meshes/SM_Carpet_02.uasset" 2203
"C:/Users/User/Downloads/Parcial02/Content/OldFurniturePack_01/Meshes/SM_Carpet_02.uexp" 2204
"../../../Engine/Content/EngineResources/DefaultTexture.ubulk" 2205
"../../../Engine/Content/EngineResources/DefaultTexture.uasset" 2206
"../../../Engine/Content/EngineResources/DefaultTexture.uexp" 2207
"C:/Users/User/Downloads/Parcial02/Content/EngineMaterials/DefaultNormal.ubulk" 2208
"C:/Users/User/Downloads/Parcial02/Content/EngineMaterials/DefaultNormal.uasset" 2209
"C:/Users/User/Downloads/Parcial02/Content/EngineMaterials/DefaultNormal.uexp" 2210
"C:/Users/User/Downloads/Parcial02/Content/Functions/Engine_MaterialFunctions01/Texturing/FlattenNormal.uasset" 2211
"C:/Users/User/Downloads/Parcial02/Content/Functions/Engine_MaterialFunctions01/Texturing/FlattenNormal.uexp" 2212
"C:/Users/User/Downloads/Parcial02/Content/Functions/Engine_MaterialFunctions02/Texturing/CustomRotator.uasset" 2213
"C:/Users/User/Downloads/Parcial02/Content/Functions/Engine_MaterialFunctions02/Texturing/CustomRotator.uexp" 2214
"C:/Users/User/Downloads/Parcial02/Content/materials/MasterMaterial/MasterMaterial.uasset" 2215
"C:/Users/User/Downloads/Parcial02/Content/materials/MasterMaterial/MasterMaterial.uexp" 2216
"C:/Users/User/Downloads/Parcial02/Content/materials/MasterMaterial/PisoPrincipal/plane_divided_DefaultMaterial_Roughness.ubulk" 2217
"C:/Users/User/Downloads/Parcial02/Content/materials/MasterMaterial/PisoPrincipal/plane_divided_DefaultMaterial_Roughness.uasset" 2218
"C:/Users/User/Downloads/Parcial02/Content/materials/MasterMaterial/PisoPrincipal/plane_divided_DefaultMaterial_Roughness.uexp" 2219
"C:/Users/User/Downloads/Parcial02/Content/materials/MasterMaterial/PisoPrincipal/plane_divided_DefaultMaterial_Normal.ubulk" 2220
"C:/Users/User/Downloads/Parcial02/Content/materials/MasterMaterial/PisoPrincipal/plane_divided_DefaultMaterial_Normal.uasset" 2221
"C:/Users/User/Downloads/Parcial02/Content/materials/MasterMaterial/PisoPrincipal/plane_divided_DefaultMaterial_Normal.uexp" 2222
"C:/Users/User/Downloads/Parcial02/Content/materials/MasterMaterial/PisoPrincipal/plane_divided_DefaultMaterial_Metallic.ubulk" 2223
"C:/Users/User/Downloads/Parcial02/Content/materials/MasterMaterial/PisoPrincipal/plane_divided_DefaultMaterial_Metallic.uasset" 2224
"C:/Users/User/Downloads/Parcial02/Content/materials/MasterMaterial/PisoPrincipal/plane_divided_DefaultMaterial_Metallic.uexp" 2225
"C:/Users/User/Downloads/Parcial02/Content/materials/MasterMaterial/PisoPrincipal/plane_divided_DefaultMaterial_BaseColor.ubulk" 2226
"C:/Users/User/Downloads/Parcial02/Content/materials/MasterMaterial/PisoPrincipal/plane_divided_DefaultMaterial_BaseColor.uasset" 2227
"C:/Users/User/Downloads/Parcial02/Content/materials/MasterMaterial/PisoPrincipal/plane_divided_DefaultMaterial_BaseColor.uexp" 2228
"C:/Users/User/Downloads/Parcial02/Content/materials/MasterMaterial/PisoPrincipal/PisoPrincipal.uasset" 2229
"C:/Users/User/Downloads/Parcial02/Content/materials/MasterMaterial/PisoPrincipal/PisoPrincipal.uexp" 2230
"C:/Users/User/Downloads/Parcial02/Content/materials/MasterMaterial/PisoPasillo/plane_divided_DefaultMaterial_Roughness.ubulk" 2231
"C:/Users/User/Downloads/Parcial02/Content/materials/MasterMaterial/PisoPasillo/plane_divided_DefaultMaterial_Roughness.uasset" 2232
"C:/Users/User/Downloads/Parcial02/Content/materials/MasterMaterial/PisoPasillo/plane_divided_DefaultMaterial_Roughness.uexp" 2233
"C:/Users/User/Downloads/Parcial02/Content/materials/MasterMaterial/PisoPasillo/plane_divided_DefaultMaterial_Normal.ubulk" 2234
"C:/Users/User/Downloads/Parcial02/Content/materials/MasterMaterial/PisoPasillo/plane_divided_DefaultMaterial_Normal.uasset" 2235
"C:/Users/User/Downloads/Parcial02/Content/materials/MasterMaterial/PisoPasillo/plane_divided_DefaultMaterial_Normal.uexp" 2236
"C:/Users/User/Downloads/Parcial02/Content/materials/MasterMaterial/PisoPasillo/plane_divided_DefaultMaterial_Metallic.ubulk" 2237
"C:/Users/User/Downloads/Parcial02/Content/materials/MasterMaterial/PisoPasillo/plane_divided_DefaultMaterial_Metallic.uasset" 2238
"C:/Users/User/Downloads/Parcial02/Content/materials/MasterMaterial/PisoPasillo/plane_divided_DefaultMaterial_Metallic.uexp" 2239
"C:/Users/User/Downloads/Parcial02/Content/materials/MasterMaterial/PisoPasillo/plane_divided_DefaultMaterial_BaseColor.ubulk" 2240
"C:/Users/User/Downloads/Parcial02/Content/materials/MasterMaterial/PisoPasillo/plane_divided_DefaultMaterial_BaseColor.uasset" 2241
"C:/Users/User/Downloads/Parcial02/Content/materials/MasterMaterial/PisoPasillo/plane_divided_DefaultMaterial_BaseColor.uexp" 2242
"C:/Users/User/Downloads/Parcial02/Content/materials/MasterMaterial/PisoPasillo/PisoPasillo.uasset" 2243
"C:/Users/User/Downloads/Parcial02/Content/materials/MasterMaterial/PisoPasillo/PisoPasillo.uexp" 2244
"C:/Users/User/Downloads/Parcial02/Content/materials/MasterMaterial/MaderaPared02/plane_divided_DefaultMaterial_Roughness.ubulk" 2245
"C:/Users/User/Downloads/Parcial02/Content/materials/MasterMaterial/MaderaPared02/plane_divided_DefaultMaterial_Roughness.uasset" 2246
"C:/Users/User/Downloads/Parcial02/Content/materials/MasterMaterial/MaderaPared02/plane_divided_DefaultMaterial_Roughness.uexp" 2247
"C:/Users/User/Downloads/Parcial02/Content/materials/MasterMaterial/MaderaPared02/plane_divided_DefaultMaterial_Normal.ubulk" 2248
"C:/Users/User/Downloads/Parcial02/Content/materials/MasterMaterial/MaderaPared02/plane_divided_DefaultMaterial_Normal.uasset" 2249
"C:/Users/User/Downloads/Parcial02/Content/materials/MasterMaterial/MaderaPared02/plane_divided_DefaultMaterial_Normal.uexp" 2250
"C:/Users/User/Downloads/Parcial02/Content/materials/MasterMaterial/MaderaPared02/plane_divided_DefaultMaterial_Metallic.ubulk" 2251
"C:/Users/User/Downloads/Parcial02/Content/materials/MasterMaterial/MaderaPared02/plane_divided_DefaultMaterial_Metallic.uasset" 2252
"C:/Users/User/Downloads/Parcial02/Content/materials/MasterMaterial/MaderaPared02/plane_divided_DefaultMaterial_Metallic.uexp" 2253
"C:/Users/User/Downloads/Parcial02/Content/materials/MasterMaterial/MaderaPared02/plane_divided_DefaultMaterial_BaseColor.ubulk" 2254
"C:/Users/User/Downloads/Parcial02/Content/materials/MasterMaterial/MaderaPared02/plane_divided_DefaultMaterial_BaseColor.uasset" 2255
"C:/Users/User/Downloads/Parcial02/Content/materials/MasterMaterial/MaderaPared02/plane_divided_DefaultMaterial_BaseColor.uexp" 2256
"C:/Users/User/Downloads/Parcial02/Content/materials/MasterMaterial/MaderaPared02/MaderaPared02.uasset" 2257
"C:/Users/User/Downloads/Parcial02/Content/materials/MasterMaterial/MaderaPared02/MaderaPared02.uexp" 2258
"C:/Users/User/Downloads/Parcial02/Content/materials/MasterMaterial/EmpapeladoRossa/plane_divided_DefaultMaterial_Roughness.ubulk" 2259
"C:/Users/User/Downloads/Parcial02/Content/materials/MasterMaterial/EmpapeladoRossa/plane_divided_DefaultMaterial_Roughness.uasset" 2260
"C:/Users/User/Downloads/Parcial02/Content/materials/MasterMaterial/EmpapeladoRossa/plane_divided_DefaultMaterial_Roughness.uexp" 2261
"C:/Users/User/Downloads/Parcial02/Content/materials/MasterMaterial/EmpapeladoRossa/plane_divided_DefaultMaterial_Normal.ubulk" 2262
"C:/Users/User/Downloads/Parcial02/Content/materials/MasterMaterial/EmpapeladoRossa/plane_divided_DefaultMaterial_Normal.uasset" 2263
"C:/Users/User/Downloads/Parcial02/Content/materials/MasterMaterial/EmpapeladoRossa/plane_divided_DefaultMaterial_Normal.uexp" 2264
"C:/Users/User/Downloads/Parcial02/Content/materials/MasterMaterial/EmpapeladoRossa/plane_divided_DefaultMaterial_Metallic.ubulk" 2265
"C:/Users/User/Downloads/Parcial02/Content/materials/MasterMaterial/EmpapeladoRossa/plane_divided_DefaultMaterial_Metallic.uasset" 2266
"C:/Users/User/Downloads/Parcial02/Content/materials/MasterMaterial/EmpapeladoRossa/plane_divided_DefaultMaterial_Metallic.uexp" 2267
"C:/Users/User/Downloads/Parcial02/Content/materials/MasterMaterial/EmpapeladoRossa/plane_divided_DefaultMaterial_BaseColor.ubulk" 2268
"C:/Users/User/Downloads/Parcial02/Content/materials/MasterMaterial/EmpapeladoRossa/plane_divided_DefaultMaterial_BaseColor.uasset" 2269
"C:/Users/User/Downloads/Parcial02/Content/materials/MasterMaterial/EmpapeladoRossa/plane_divided_DefaultMaterial_BaseColor.uexp" 2270
"C:/Users/User/Downloads/Parcial02/Content/materials/MasterMaterial/EmpapeladoRossa/EmpapeladoRosas.uasset" 2271
"C:/Users/User/Downloads/Parcial02/Content/materials/MasterMaterial/EmpapeladoRossa/EmpapeladoRosas.uexp" 2272
"C:/Users/User/Downloads/Parcial02/Content/materials/MasterMaterial/ConcretoBlanco/plane_divided_DefaultMaterial_Roughness.ubulk" 2273
"C:/Users/User/Downloads/Parcial02/Content/materials/MasterMaterial/ConcretoBlanco/plane_divided_DefaultMaterial_Roughness.uasset" 2274
"C:/Users/User/Downloads/Parcial02/Content/materials/MasterMaterial/ConcretoBlanco/plane_divided_DefaultMaterial_Roughness.uexp" 2275
"C:/Users/User/Downloads/Parcial02/Content/materials/MasterMaterial/ConcretoBlanco/plane_divided_DefaultMaterial_Normal.ubulk" 2276
"C:/Users/User/Downloads/Parcial02/Content/materials/MasterMaterial/ConcretoBlanco/plane_divided_DefaultMaterial_Normal.uasset" 2277
"C:/Users/User/Downloads/Parcial02/Content/materials/MasterMaterial/ConcretoBlanco/plane_divided_DefaultMaterial_Normal.uexp" 2278
"C:/Users/User/Downloads/Parcial02/Content/materials/MasterMaterial/ConcretoBlanco/plane_divided_DefaultMaterial_Metallic.ubulk" 2279
"C:/Users/User/Downloads/Parcial02/Content/materials/MasterMaterial/ConcretoBlanco/plane_divided_DefaultMaterial_Metallic.uasset" 2280
"C:/Users/User/Downloads/Parcial02/Content/materials/MasterMaterial/ConcretoBlanco/plane_divided_DefaultMaterial_Metallic.uexp" 2281
"C:/Users/User/Downloads/Parcial02/Content/materials/MasterMaterial/ConcretoBlanco/plane_divided_DefaultMaterial_BaseColor.ubulk" 2282
"C:/Users/User/Downloads/Parcial02/Content/materials/MasterMaterial/ConcretoBlanco/plane_divided_DefaultMaterial_BaseColor.uasset" 2283
"C:/Users/User/Downloads/Parcial02/Content/materials/MasterMaterial/ConcretoBlanco/plane_divided_DefaultMaterial_BaseColor.uexp" 2284
"C:/Users/User/Downloads/Parcial02/Content/materials/MasterMaterial/ConcretoBlanco/ConcretoBlanco.uasset" 2285
"C:/Users/User/Downloads/Parcial02/Content/materials/MasterMaterial/ConcretoBlanco/ConcretoBlanco.uexp" 2286
"C:/Users/User/Downloads/Parcial02/Content/LucapyAssets/OldLivingRoomSofa/Textures/Sofa_A/T_Sofa_Fabric_A0_OcclusionRoughnessMetallic.ubulk" 2287
"C:/Users/User/Downloads/Parcial02/Content/LucapyAssets/OldLivingRoomSofa/Textures/Sofa_A/T_Sofa_Fabric_A0_OcclusionRoughnessMetallic.uasset" 2288
"C:/Users/User/Downloads/Parcial02/Content/LucapyAssets/OldLivingRoomSofa/Textures/Sofa_A/T_Sofa_Fabric_A0_OcclusionRoughnessMetallic.uexp" 2289
"C:/Users/User/Downloads/Parcial02/Content/LucapyAssets/OldLivingRoomSofa/Textures/Sofa_A/T_Sofa_Fabric_A0_Normal.ubulk" 2290
"C:/Users/User/Downloads/Parcial02/Content/LucapyAssets/OldLivingRoomSofa/Textures/Sofa_A/T_Sofa_Fabric_A0_Normal.uasset" 2291
"C:/Users/User/Downloads/Parcial02/Content/LucapyAssets/OldLivingRoomSofa/Textures/Sofa_A/T_Sofa_Fabric_A0_Normal.uexp" 2292
"C:/Users/User/Downloads/Parcial02/Content/LucapyAssets/OldLivingRoomSofa/Textures/Sofa_A/T_Sofa_Fabric_A0_BaseColor.ubulk" 2293
"C:/Users/User/Downloads/Parcial02/Content/LucapyAssets/OldLivingRoomSofa/Textures/Sofa_A/T_Sofa_Fabric_A0_BaseColor.uasset" 2294
"C:/Users/User/Downloads/Parcial02/Content/LucapyAssets/OldLivingRoomSofa/Textures/Sofa_A/T_Sofa_Fabric_A0_BaseColor.uexp" 2295
"C:/Users/User/Downloads/Parcial02/Content/LucapyAssets/OldLivingRoomSofa/Textures/Sofa_B/T_Sofa_Fabric_B0_OcclusionRoughnessMetallic.ubulk" 2296
"C:/Users/User/Downloads/Parcial02/Content/LucapyAssets/OldLivingRoomSofa/Textures/Sofa_B/T_Sofa_Fabric_B0_OcclusionRoughnessMetallic.uasset" 2297
"C:/Users/User/Downloads/Parcial02/Content/LucapyAssets/OldLivingRoomSofa/Textures/Sofa_B/T_Sofa_Fabric_B0_OcclusionRoughnessMetallic.uexp" 2298
"C:/Users/User/Downloads/Parcial02/Content/LucapyAssets/OldLivingRoomSofa/Textures/Sofa_B/T_Sofa_Fabric_B0_Normal.ubulk" 2299
"C:/Users/User/Downloads/Parcial02/Content/LucapyAssets/OldLivingRoomSofa/Textures/Sofa_B/T_Sofa_Fabric_B0_Normal.uasset" 2300
"C:/Users/User/Downloads/Parcial02/Content/LucapyAssets/OldLivingRoomSofa/Textures/Sofa_B/T_Sofa_Fabric_B0_Normal.uexp" 2301
"C:/Users/User/Downloads/Parcial02/Content/LucapyAssets/OldLivingRoomSofa/Textures/Sofa_B/T_Sofa_Fabric_B0_BaseColor.ubulk" 2302
"C:/Users/User/Downloads/Parcial02/Content/LucapyAssets/OldLivingRoomSofa/Textures/Sofa_B/T_Sofa_Fabric_B0_BaseColor.uasset" 2303
"C:/Users/User/Downloads/Parcial02/Content/LucapyAssets/OldLivingRoomSofa/Textures/Sofa_B/T_Sofa_Fabric_B0_BaseColor.uexp" 2304
"C:/Users/User/Downloads/Parcial02/Content/LucapyAssets/OldLivingRoomSofa/Materials/StandardMaterials/M_OpaqueMaster.uasset" 2305
"C:/Users/User/Downloads/Parcial02/Content/LucapyAssets/OldLivingRoomSofa/Materials/StandardMaterials/M_OpaqueMaster.uexp" 2306
"C:/Users/User/Downloads/Parcial02/Content/LucapyAssets/OldLivingRoomSofa/Materials/StandardMaterials/Sofa_A_and_Cushion/MI_Sofa_Fabric_A0.uasset" 2307
"C:/Users/User/Downloads/Parcial02/Content/LucapyAssets/OldLivingRoomSofa/Materials/StandardMaterials/Sofa_A_and_Cushion/MI_Sofa_Fabric_A0.uexp" 2308
"C:/Users/User/Downloads/Parcial02/Content/LucapyAssets/OldLivingRoomSofa/StaticMeshes/SM_Sofa_Cushion.ubulk" 2309
"C:/Users/User/Downloads/Parcial02/Content/LucapyAssets/OldLivingRoomSofa/StaticMeshes/SM_Sofa_Cushion.uasset" 2310
"C:/Users/User/Downloads/Parcial02/Content/LucapyAssets/OldLivingRoomSofa/StaticMeshes/SM_Sofa_Cushion.uexp" 2311
"C:/Users/User/Downloads/Parcial02/Content/LucapyAssets/OldLivingRoomSofa/Materials/StandardMaterials/Sofa_B/MI_Sofa_Fabric_B0.uasset" 2312
"C:/Users/User/Downloads/Parcial02/Content/LucapyAssets/OldLivingRoomSofa/Materials/StandardMaterials/Sofa_B/MI_Sofa_Fabric_B0.uexp" 2313
"C:/Users/User/Downloads/Parcial02/Content/LucapyAssets/OldLivingRoomSofa/StaticMeshes/SM_Sofa_B_Exd.ubulk" 2314
"C:/Users/User/Downloads/Parcial02/Content/LucapyAssets/OldLivingRoomSofa/StaticMeshes/SM_Sofa_B_Exd.uasset" 2315
"C:/Users/User/Downloads/Parcial02/Content/LucapyAssets/OldLivingRoomSofa/StaticMeshes/SM_Sofa_B_Exd.uexp" 2316
"C:/Users/User/Downloads/Parcial02/Content/LucapyAssets/OldLivingRoomSofa/Textures/Sofa_B/T_Sofa_Leather_B0_OcclusionRoughnessMetallic.ubulk" 2317
"C:/Users/User/Downloads/Parcial02/Content/LucapyAssets/OldLivingRoomSofa/Textures/Sofa_B/T_Sofa_Leather_B0_OcclusionRoughnessMetallic.uasset" 2318
"C:/Users/User/Downloads/Parcial02/Content/LucapyAssets/OldLivingRoomSofa/Textures/Sofa_B/T_Sofa_Leather_B0_OcclusionRoughnessMetallic.uexp" 2319
"C:/Users/User/Downloads/Parcial02/Content/LucapyAssets/OldLivingRoomSofa/Textures/Sofa_B/T_Sofa_Leather_B0_Normal.ubulk" 2320
"C:/Users/User/Downloads/Parcial02/Content/LucapyAssets/OldLivingRoomSofa/Textures/Sofa_B/T_Sofa_Leather_B0_Normal.uasset" 2321
"C:/Users/User/Downloads/Parcial02/Content/LucapyAssets/OldLivingRoomSofa/Textures/Sofa_B/T_Sofa_Leather_B0_Normal.uexp" 2322
"C:/Users/User/Downloads/Parcial02/Content/LucapyAssets/OldLivingRoomSofa/Textures/Sofa_B/T_Sofa_Leather_B0_BaseColor.ubulk" 2323
"C:/Users/User/Downloads/Parcial02/Content/LucapyAssets/OldLivingRoomSofa/Textures/Sofa_B/T_Sofa_Leather_B0_BaseColor.uasset" 2324
"C:/Users/User/Downloads/Parcial02/Content/LucapyAssets/OldLivingRoomSofa/Textures/Sofa_B/T_Sofa_Leather_B0_BaseColor.uexp" 2325
"C:/Users/User/Downloads/Parcial02/Content/LucapyAssets/OldLivingRoomSofa/Materials/StandardMaterials/Sofa_B/MI_Sofa_Leather_B0.uasset" 2326
"C:/Users/User/Downloads/Parcial02/Content/LucapyAssets/OldLivingRoomSofa/Materials/StandardMaterials/Sofa_B/MI_Sofa_Leather_B0.uexp" 2327
"C:/Users/User/Downloads/Parcial02/Content/LucapyAssets/OldLivingRoomSofa/StaticMeshes/SM_Sofa_B_2Seats.ubulk" 2328
"C:/Users/User/Downloads/Parcial02/Content/LucapyAssets/OldLivingRoomSofa/StaticMeshes/SM_Sofa_B_2Seats.uasset" 2329
"C:/Users/User/Downloads/Parcial02/Content/LucapyAssets/OldLivingRoomSofa/StaticMeshes/SM_Sofa_B_2Seats.uexp" 2330
"C:/Users/User/Downloads/Parcial02/Content/LucapyAssets/OldLivingRoomSofa/Textures/Sofa_A/T_Sofa_Leather_A0_OcclusionRoughnessMetallic.ubulk" 2331
"C:/Users/User/Downloads/Parcial02/Content/LucapyAssets/OldLivingRoomSofa/Textures/Sofa_A/T_Sofa_Leather_A0_OcclusionRoughnessMetallic.uasset" 2332
"C:/Users/User/Downloads/Parcial02/Content/LucapyAssets/OldLivingRoomSofa/Textures/Sofa_A/T_Sofa_Leather_A0_OcclusionRoughnessMetallic.uexp" 2333
"C:/Users/User/Downloads/Parcial02/Content/LucapyAssets/OldLivingRoomSofa/Textures/Sofa_A/T_Sofa_Leather_A0_Normal.ubulk" 2334
"C:/Users/User/Downloads/Parcial02/Content/LucapyAssets/OldLivingRoomSofa/Textures/Sofa_A/T_Sofa_Leather_A0_Normal.uasset" 2335
"C:/Users/User/Downloads/Parcial02/Content/LucapyAssets/OldLivingRoomSofa/Textures/Sofa_A/T_Sofa_Leather_A0_Normal.uexp" 2336
"C:/Users/User/Downloads/Parcial02/Content/LucapyAssets/OldLivingRoomSofa/Textures/Sofa_A/T_Sofa_Leather_A0_BaseColor.ubulk" 2337
"C:/Users/User/Downloads/Parcial02/Content/LucapyAssets/OldLivingRoomSofa/Textures/Sofa_A/T_Sofa_Leather_A0_BaseColor.uasset" 2338
"C:/Users/User/Downloads/Parcial02/Content/LucapyAssets/OldLivingRoomSofa/Textures/Sofa_A/T_Sofa_Leather_A0_BaseColor.uexp" 2339
"C:/Users/User/Downloads/Parcial02/Content/LucapyAssets/OldLivingRoomSofa/Materials/StandardMaterials/Sofa_A_and_Cushion/MI_Sofa_Leather_A0.uasset" 2340
"C:/Users/User/Downloads/Parcial02/Content/LucapyAssets/OldLivingRoomSofa/Materials/StandardMaterials/Sofa_A_and_Cushion/MI_Sofa_Leather_A0.uexp" 2341
"C:/Users/User/Downloads/Parcial02/Content/LucapyAssets/OldLivingRoomSofa/StaticMeshes/SM_Sofa_A_1Seat.ubulk" 2342
"C:/Users/User/Downloads/Parcial02/Content/LucapyAssets/OldLivingRoomSofa/StaticMeshes/SM_Sofa_A_1Seat.uasset" 2343
"C:/Users/User/Downloads/Parcial02/Content/LucapyAssets/OldLivingRoomSofa/StaticMeshes/SM_Sofa_A_1Seat.uexp" 2344
"C:/Users/User/Downloads/Parcial02/Content/LucapyAssets/OldLivingRoomSofa/Textures/Carpet/T_Carpet_A0_OcclusionRoughnessMetallic.ubulk" 2345
"C:/Users/User/Downloads/Parcial02/Content/LucapyAssets/OldLivingRoomSofa/Textures/Carpet/T_Carpet_A0_OcclusionRoughnessMetallic.uasset" 2346
"C:/Users/User/Downloads/Parcial02/Content/LucapyAssets/OldLivingRoomSofa/Textures/Carpet/T_Carpet_A0_OcclusionRoughnessMetallic.uexp" 2347
"C:/Users/User/Downloads/Parcial02/Content/LucapyAssets/OldLivingRoomSofa/Textures/Carpet/T_Carpet_A0_Normal.ubulk" 2348
"C:/Users/User/Downloads/Parcial02/Content/LucapyAssets/OldLivingRoomSofa/Textures/Carpet/T_Carpet_A0_Normal.uasset" 2349
"C:/Users/User/Downloads/Parcial02/Content/LucapyAssets/OldLivingRoomSofa/Textures/Carpet/T_Carpet_A0_Normal.uexp" 2350
"C:/Users/User/Downloads/Parcial02/Content/LucapyAssets/OldLivingRoomSofa/Textures/Carpet/T_Carpet_A0_BaseColor.ubulk" 2351
"C:/Users/User/Downloads/Parcial02/Content/LucapyAssets/OldLivingRoomSofa/Textures/Carpet/T_Carpet_A0_BaseColor.uasset" 2352
"C:/Users/User/Downloads/Parcial02/Content/LucapyAssets/OldLivingRoomSofa/Textures/Carpet/T_Carpet_A0_BaseColor.uexp" 2353
"C:/Users/User/Downloads/Parcial02/Content/LucapyAssets/OldLivingRoomSofa/Textures/Carpet/T_Carpet_A1_OcclusionRoughnessMetallic.ubulk" 2354
"C:/Users/User/Downloads/Parcial02/Content/LucapyAssets/OldLivingRoomSofa/Textures/Carpet/T_Carpet_A1_OcclusionRoughnessMetallic.uasset" 2355
"C:/Users/User/Downloads/Parcial02/Content/LucapyAssets/OldLivingRoomSofa/Textures/Carpet/T_Carpet_A1_OcclusionRoughnessMetallic.uexp" 2356
"C:/Users/User/Downloads/Parcial02/Content/LucapyAssets/OldLivingRoomSofa/Textures/Carpet/T_Carpet_A1_Normal.ubulk" 2357
"C:/Users/User/Downloads/Parcial02/Content/LucapyAssets/OldLivingRoomSofa/Textures/Carpet/T_Carpet_A1_Normal.uasset" 2358
"C:/Users/User/Downloads/Parcial02/Content/LucapyAssets/OldLivingRoomSofa/Textures/Carpet/T_Carpet_A1_Normal.uexp" 2359
"C:/Users/User/Downloads/Parcial02/Content/LucapyAssets/OldLivingRoomSofa/Textures/Carpet/T_Carpet_A1_BaseColor.ubulk" 2360
"C:/Users/User/Downloads/Parcial02/Content/LucapyAssets/OldLivingRoomSofa/Textures/Carpet/T_Carpet_A1_BaseColor.uasset" 2361
"C:/Users/User/Downloads/Parcial02/Content/LucapyAssets/OldLivingRoomSofa/Textures/Carpet/T_Carpet_A1_BaseColor.uexp" 2362
"C:/Users/User/Downloads/Parcial02/Content/LucapyAssets/OldLivingRoomSofa/Materials/StandardMaterials/Carpet/MI_Carpet_A1.uasset" 2363
"C:/Users/User/Downloads/Parcial02/Content/LucapyAssets/OldLivingRoomSofa/Materials/StandardMaterials/Carpet/MI_Carpet_A1.uexp" 2364
"C:/Users/User/Downloads/Parcial02/Content/LucapyAssets/OldLivingRoomSofa/Materials/StandardMaterials/Carpet/MI_Carpet_A0.uasset" 2365
"C:/Users/User/Downloads/Parcial02/Content/LucapyAssets/OldLivingRoomSofa/Materials/StandardMaterials/Carpet/MI_Carpet_A0.uexp" 2366
"C:/Users/User/Downloads/Parcial02/Content/LucapyAssets/OldLivingRoomSofa/StaticMeshes/SM_Carpet.ubulk" 2367
"C:/Users/User/Downloads/Parcial02/Content/LucapyAssets/OldLivingRoomSofa/StaticMeshes/SM_Carpet.uasset" 2368
"C:/Users/User/Downloads/Parcial02/Content/LucapyAssets/OldLivingRoomSofa/StaticMeshes/SM_Carpet.uexp" 2369
"C:/Users/User/Downloads/Parcial02/Content/FloralVintage_WP_Mat/Textures/T_VintageFlower_WP_6_roughness.ubulk" 2370
"C:/Users/User/Downloads/Parcial02/Content/FloralVintage_WP_Mat/Textures/T_VintageFlower_WP_6_roughness.uasset" 2371
"C:/Users/User/Downloads/Parcial02/Content/FloralVintage_WP_Mat/Textures/T_VintageFlower_WP_6_roughness.uexp" 2372
"C:/Users/User/Downloads/Parcial02/Content/FloralVintage_WP_Mat/Textures/T_VintageFlower_WP_6_normal.ubulk" 2373
"C:/Users/User/Downloads/Parcial02/Content/FloralVintage_WP_Mat/Textures/T_VintageFlower_WP_6_normal.uasset" 2374
"C:/Users/User/Downloads/Parcial02/Content/FloralVintage_WP_Mat/Textures/T_VintageFlower_WP_6_normal.uexp" 2375
"C:/Users/User/Downloads/Parcial02/Content/FloralVintage_WP_Mat/Textures/T_VintageFlower_WP_6_basecolor.ubulk" 2376
"C:/Users/User/Downloads/Parcial02/Content/FloralVintage_WP_Mat/Textures/T_VintageFlower_WP_6_basecolor.uasset" 2377
"C:/Users/User/Downloads/Parcial02/Content/FloralVintage_WP_Mat/Textures/T_VintageFlower_WP_6_basecolor.uexp" 2378
"C:/Users/User/Downloads/Parcial02/Content/FloralVintage_WP_Mat/Textures/T_VintageFlower_WP_6_ambientocclusion.ubulk" 2379
"C:/Users/User/Downloads/Parcial02/Content/FloralVintage_WP_Mat/Textures/T_VintageFlower_WP_6_ambientocclusion.uasset" 2380
"C:/Users/User/Downloads/Parcial02/Content/FloralVintage_WP_Mat/Textures/T_VintageFlower_WP_6_ambientocclusion.uexp" 2381
"C:/Users/User/Downloads/Parcial02/Content/FloralVintage_WP_Mat/Material/MM/M_FloralVintage_WP_Mat.uasset" 2382
"C:/Users/User/Downloads/Parcial02/Content/FloralVintage_WP_Mat/Material/MM/M_FloralVintage_WP_Mat.uexp" 2383
"C:/Users/User/Downloads/Parcial02/Content/FloralVintage_WP_Mat/Material/MI_FloralVintage_WP_Mat_Inst.uasset" 2384
"C:/Users/User/Downloads/Parcial02/Content/FloralVintage_WP_Mat/Material/MI_FloralVintage_WP_Mat_Inst.uexp" 2385
"../../../Engine/Plugins/Interchange/Assets/Content/gltf/MaterialInstances/MI_Default_Opaque_DS.uasset" 2386
"../../../Engine/Plugins/Interchange/Assets/Content/gltf/MaterialInstances/MI_Default_Opaque_DS.uexp" 2387
"C:/Users/User/Downloads/Parcial02/Content/Fab/Old_iron/old_iron/Textures/old_iron_texture_0.ubulk" 2388
"C:/Users/User/Downloads/Parcial02/Content/Fab/Old_iron/old_iron/Textures/old_iron_texture_0.uasset" 2389
"C:/Users/User/Downloads/Parcial02/Content/Fab/Old_iron/old_iron/Textures/old_iron_texture_0.uexp" 2390
"C:/Users/User/Downloads/Parcial02/Content/Fab/Old_iron/old_iron/Textures/old_iron_texture_1.ubulk" 2391
"C:/Users/User/Downloads/Parcial02/Content/Fab/Old_iron/old_iron/Textures/old_iron_texture_1.uasset" 2392
"C:/Users/User/Downloads/Parcial02/Content/Fab/Old_iron/old_iron/Textures/old_iron_texture_1.uexp" 2393
"C:/Users/User/Downloads/Parcial02/Content/Fab/Old_iron/old_iron/Textures/old_iron_texture_2.ubulk" 2394
"C:/Users/User/Downloads/Parcial02/Content/Fab/Old_iron/old_iron/Textures/old_iron_texture_2.uasset" 2395
"C:/Users/User/Downloads/Parcial02/Content/Fab/Old_iron/old_iron/Textures/old_iron_texture_2.uexp" 2396
"C:/Users/User/Downloads/Parcial02/Content/Fab/Old_iron/old_iron/Materials/iron_lowiron_cap_lowSG.uasset" 2397
"C:/Users/User/Downloads/Parcial02/Content/Fab/Old_iron/old_iron/Materials/iron_lowiron_cap_lowSG.uexp" 2398
"C:/Users/User/Downloads/Parcial02/Content/Fab/Old_iron/old_iron/StaticMeshes/old_iron.ubulk" 2399
"C:/Users/User/Downloads/Parcial02/Content/Fab/Old_iron/old_iron/StaticMeshes/old_iron.uasset" 2400
"C:/Users/User/Downloads/Parcial02/Content/Fab/Old_iron/old_iron/StaticMeshes/old_iron.uexp" 2401
"C:/Users/User/Downloads/Parcial02/Content/AsianStreetFood_Assets/Texture/Utilities/T_Default_01_RMC.ubulk" 2402
"C:/Users/User/Downloads/Parcial02/Content/AsianStreetFood_Assets/Texture/Utilities/T_Default_01_RMC.uasset" 2403
"C:/Users/User/Downloads/Parcial02/Content/AsianStreetFood_Assets/Texture/Utilities/T_Default_01_RMC.uexp" 2404
"C:/Users/User/Downloads/Parcial02/Content/AsianStreetFood_Assets/Texture/Utilities/T_Default_01_N.ubulk" 2405
"C:/Users/User/Downloads/Parcial02/Content/AsianStreetFood_Assets/Texture/Utilities/T_Default_01_N.uasset" 2406
"C:/Users/User/Downloads/Parcial02/Content/AsianStreetFood_Assets/Texture/Utilities/T_Default_01_N.uexp" 2407
"C:/Users/User/Downloads/Parcial02/Content/AsianStreetFood_Assets/Texture/Utilities/T_Default_01_D.ubulk" 2408
"C:/Users/User/Downloads/Parcial02/Content/AsianStreetFood_Assets/Texture/Utilities/T_Default_01_D.uasset" 2409
"C:/Users/User/Downloads/Parcial02/Content/AsianStreetFood_Assets/Texture/Utilities/T_Default_01_D.uexp" 2410
"C:/Users/User/Downloads/Parcial02/Content/AsianStreetFood_Assets/Texture/Pan/T_Pan_01_RMC.ubulk" 2411
"C:/Users/User/Downloads/Parcial02/Content/AsianStreetFood_Assets/Texture/Pan/T_Pan_01_RMC.uasset" 2412
"C:/Users/User/Downloads/Parcial02/Content/AsianStreetFood_Assets/Texture/Pan/T_Pan_01_RMC.uexp" 2413
"C:/Users/User/Downloads/Parcial02/Content/AsianStreetFood_Assets/Texture/Pan/T_Pan_01_N.ubulk" 2414
"C:/Users/User/Downloads/Parcial02/Content/AsianStreetFood_Assets/Texture/Pan/T_Pan_01_N.uasset" 2415
"C:/Users/User/Downloads/Parcial02/Content/AsianStreetFood_Assets/Texture/Pan/T_Pan_01_N.uexp" 2416
"C:/Users/User/Downloads/Parcial02/Content/AsianStreetFood_Assets/Texture/Pan/T_Pan_01_D.ubulk" 2417
"C:/Users/User/Downloads/Parcial02/Content/AsianStreetFood_Assets/Texture/Pan/T_Pan_01_D.uasset" 2418
"C:/Users/User/Downloads/Parcial02/Content/AsianStreetFood_Assets/Texture/Pan/T_Pan_01_D.uexp" 2419
"C:/Users/User/Downloads/Parcial02/Content/AsianStreetFood_Assets/Materials/Master_Materials/MM_Master_Assets_01.uasset" 2420
"C:/Users/User/Downloads/Parcial02/Content/AsianStreetFood_Assets/Materials/Master_Materials/MM_Master_Assets_01.uexp" 2421
"C:/Users/User/Downloads/Parcial02/Content/AsianStreetFood_Assets/Materials/Material_Instances/MI_Pan_01.uasset" 2422
"C:/Users/User/Downloads/Parcial02/Content/AsianStreetFood_Assets/Materials/Material_Instances/MI_Pan_01.uexp" 2423
"C:/Users/User/Downloads/Parcial02/Content/AsianStreetFood_Assets/Meshes/Pan/SM_Pan_03.ubulk" 2424
"C:/Users/User/Downloads/Parcial02/Content/AsianStreetFood_Assets/Meshes/Pan/SM_Pan_03.uasset" 2425
"C:/Users/User/Downloads/Parcial02/Content/AsianStreetFood_Assets/Meshes/Pan/SM_Pan_03.uexp" 2426
"C:/Users/User/Downloads/Parcial02/Content/SOnidos/telefono.ubulk" 2427
"C:/Users/User/Downloads/Parcial02/Content/SOnidos/telefono.uasset" 2428
"C:/Users/User/Downloads/Parcial02/Content/SOnidos/telefono.uexp" 2429
"C:/Users/User/Downloads/Parcial02/Content/SOnidos/tango.ubulk" 2430
"C:/Users/User/Downloads/Parcial02/Content/SOnidos/tango.uasset" 2431
"C:/Users/User/Downloads/Parcial02/Content/SOnidos/tango.uexp" 2432
"C:/Users/User/Downloads/Parcial02/Content/SOnidos/reloj.ubulk" 2433
"C:/Users/User/Downloads/Parcial02/Content/SOnidos/reloj.uasset" 2434
"C:/Users/User/Downloads/Parcial02/Content/SOnidos/reloj.uexp" 2435
"C:/Users/User/Downloads/Parcial02/Content/SOnidos/golpes.ubulk" 2436
"C:/Users/User/Downloads/Parcial02/Content/SOnidos/golpes.uasset" 2437
"C:/Users/User/Downloads/Parcial02/Content/SOnidos/golpes.uexp" 2438
"C:/Users/User/Downloads/Parcial02/Content/SOnidos/chimenea.ubulk" 2439
"C:/Users/User/Downloads/Parcial02/Content/SOnidos/chimenea.uasset" 2440
"C:/Users/User/Downloads/Parcial02/Content/SOnidos/chimenea.uexp" 2441
"C:/Users/User/Downloads/Parcial02/Content/RPG/DefaultMaterial_Roughness.uexp" 2442
"C:/Users/User/Downloads/Parcial02/Content/RPG/DefaultMaterial_Roughness.ubulk" 2443
"C:/Users/User/Downloads/Parcial02/Content/RPG/DefaultMaterial_Roughness.uasset" 2444
"C:/Users/User/Downloads/Parcial02/Content/RPG/DefaultMaterial_Roughness.uptnl" 2445
"C:/Users/User/Downloads/Parcial02/Content/RPG/DefaultMaterial_Normal.uexp" 2446
"C:/Users/User/Downloads/Parcial02/Content/RPG/DefaultMaterial_Normal.ubulk" 2447
"C:/Users/User/Downloads/Parcial02/Content/RPG/DefaultMaterial_Normal.uasset" 2448
"C:/Users/User/Downloads/Parcial02/Content/RPG/DefaultMaterial_Normal.uptnl" 2449
"C:/Users/User/Downloads/Parcial02/Content/RPG/DefaultMaterial_Metallic.uexp" 2450
"C:/Users/User/Downloads/Parcial02/Content/RPG/DefaultMaterial_Metallic.ubulk" 2451
"C:/Users/User/Downloads/Parcial02/Content/RPG/DefaultMaterial_Metallic.uasset" 2452
"C:/Users/User/Downloads/Parcial02/Content/RPG/DefaultMaterial_Metallic.uptnl" 2453
"C:/Users/User/Downloads/Parcial02/Content/RPG/DefaultMaterial_BaseColor.uexp" 2454
"C:/Users/User/Downloads/Parcial02/Content/RPG/DefaultMaterial_BaseColor.ubulk" 2455
"C:/Users/User/Downloads/Parcial02/Content/RPG/DefaultMaterial_BaseColor.uasset" 2456
"C:/Users/User/Downloads/Parcial02/Content/RPG/DefaultMaterial_BaseColor.uptnl" 2457
"C:/Users/User/Downloads/Parcial02/Content/RPG/Material_010.uasset" 2458
"C:/Users/User/Downloads/Parcial02/Content/RPG/Material_010.uexp" 2459
"C:/Users/User/Downloads/Parcial02/Content/RPG/RPG.ubulk" 2460
"C:/Users/User/Downloads/Parcial02/Content/RPG/RPG.uasset" 2461
"C:/Users/User/Downloads/Parcial02/Content/RPG/RPG.uexp" 2462
"C:/Users/User/Downloads/Parcial02/Content/Pistola/DefaultMaterial_Roughness.uexp" 2463
"C:/Users/User/Downloads/Parcial02/Content/Pistola/DefaultMaterial_Roughness.ubulk" 2464
"C:/Users/User/Downloads/Parcial02/Content/Pistola/DefaultMaterial_Roughness.uasset" 2465
"C:/Users/User/Downloads/Parcial02/Content/Pistola/DefaultMaterial_Roughness.uptnl" 2466
"C:/Users/User/Downloads/Parcial02/Content/Pistola/DefaultMaterial_Normal.uexp" 2467
"C:/Users/User/Downloads/Parcial02/Content/Pistola/DefaultMaterial_Normal.ubulk" 2468
"C:/Users/User/Downloads/Parcial02/Content/Pistola/DefaultMaterial_Normal.uasset" 2469
"C:/Users/User/Downloads/Parcial02/Content/Pistola/DefaultMaterial_Normal.uptnl" 2470
"C:/Users/User/Downloads/Parcial02/Content/Pistola/DefaultMaterial_Metallic.uexp" 2471
"C:/Users/User/Downloads/Parcial02/Content/Pistola/DefaultMaterial_Metallic.ubulk" 2472
"C:/Users/User/Downloads/Parcial02/Content/Pistola/DefaultMaterial_Metallic.uasset" 2473
"C:/Users/User/Downloads/Parcial02/Content/Pistola/DefaultMaterial_Metallic.uptnl" 2474
"C:/Users/User/Downloads/Parcial02/Content/Pistola/DefaultMaterial_BaseColor.uexp" 2475
"C:/Users/User/Downloads/Parcial02/Content/Pistola/DefaultMaterial_BaseColor.ubulk" 2476
"C:/Users/User/Downloads/Parcial02/Content/Pistola/DefaultMaterial_BaseColor.uasset" 2477
"C:/Users/User/Downloads/Parcial02/Content/Pistola/DefaultMaterial_BaseColor.uptnl" 2478
"C:/Users/User/Downloads/Parcial02/Content/Pistola/Material_004.uasset" 2479
"C:/Users/User/Downloads/Parcial02/Content/Pistola/Material_004.uexp" 2480
"C:/Users/User/Downloads/Parcial02/Content/Pistola/Pistola.ubulk" 2481
"C:/Users/User/Downloads/Parcial02/Content/Pistola/Pistola.uasset" 2482
"C:/Users/User/Downloads/Parcial02/Content/Pistola/Pistola.uexp" 2483
"C:/Users/User/Downloads/Parcial02/Content/Decail/Grieta_decail_png.uasset" 2484
"C:/Users/User/Downloads/Parcial02/Content/Decail/Grieta_decail_png.uexp" 2485
"C:/Users/User/Downloads/Parcial02/Content/Decail/GrietaDecailPNG.uasset" 2486
"C:/Users/User/Downloads/Parcial02/Content/Decail/GrietaDecailPNG.uexp" 2487
"C:/Users/User/Downloads/Parcial02/Content/Decail/Moho_decail_png.uasset" 2488
"C:/Users/User/Downloads/Parcial02/Content/Decail/Moho_decail_png.uexp" 2489
"C:/Users/User/Downloads/Parcial02/Content/Decail/decail.uasset" 2490
"C:/Users/User/Downloads/Parcial02/Content/Decail/decail.uexp" 2491
"C:/Users/User/Downloads/Parcial02/Content/AK/1002_Roughness.uexp" 2492
"C:/Users/User/Downloads/Parcial02/Content/AK/1002_Roughness.ubulk" 2493
"C:/Users/User/Downloads/Parcial02/Content/AK/1002_Roughness.uasset" 2494
"C:/Users/User/Downloads/Parcial02/Content/AK/1002_Roughness.uptnl" 2495
"C:/Users/User/Downloads/Parcial02/Content/AK/1002_Normal.uexp" 2496
"C:/Users/User/Downloads/Parcial02/Content/AK/1002_Normal.ubulk" 2497
"C:/Users/User/Downloads/Parcial02/Content/AK/1002_Normal.uasset" 2498
"C:/Users/User/Downloads/Parcial02/Content/AK/1002_Normal.uptnl" 2499
"C:/Users/User/Downloads/Parcial02/Content/AK/1002_Metallic.uexp" 2500
"C:/Users/User/Downloads/Parcial02/Content/AK/1002_Metallic.ubulk" 2501
"C:/Users/User/Downloads/Parcial02/Content/AK/1002_Metallic.uasset" 2502
"C:/Users/User/Downloads/Parcial02/Content/AK/1002_Metallic.uptnl" 2503
"C:/Users/User/Downloads/Parcial02/Content/AK/1002_Emission.uexp" 2504
"C:/Users/User/Downloads/Parcial02/Content/AK/1002_Emission.ubulk" 2505
"C:/Users/User/Downloads/Parcial02/Content/AK/1002_Emission.uasset" 2506
"C:/Users/User/Downloads/Parcial02/Content/AK/1002_Emission.uptnl" 2507
"C:/Users/User/Downloads/Parcial02/Content/AK/1002_BaseColor.uexp" 2508
"C:/Users/User/Downloads/Parcial02/Content/AK/1002_BaseColor.ubulk" 2509
"C:/Users/User/Downloads/Parcial02/Content/AK/1002_BaseColor.uasset" 2510
"C:/Users/User/Downloads/Parcial02/Content/AK/1002_BaseColor.uptnl" 2511
"C:/Users/User/Downloads/Parcial02/Content/AK/1002_Alpha.uexp" 2512
"C:/Users/User/Downloads/Parcial02/Content/AK/1002_Alpha.ubulk" 2513
"C:/Users/User/Downloads/Parcial02/Content/AK/1002_Alpha.uasset" 2514
"C:/Users/User/Downloads/Parcial02/Content/AK/1002_Alpha.uptnl" 2515
"C:/Users/User/Downloads/Parcial02/Content/AK/Material_008.uasset" 2516
"C:/Users/User/Downloads/Parcial02/Content/AK/Material_008.uexp" 2517
"C:/Users/User/Downloads/Parcial02/Content/AK/1001_Roughness.uexp" 2518
"C:/Users/User/Downloads/Parcial02/Content/AK/1001_Roughness.ubulk" 2519
"C:/Users/User/Downloads/Parcial02/Content/AK/1001_Roughness.uasset" 2520
"C:/Users/User/Downloads/Parcial02/Content/AK/1001_Roughness.uptnl" 2521
"C:/Users/User/Downloads/Parcial02/Content/AK/1001_Normal.uexp" 2522
"C:/Users/User/Downloads/Parcial02/Content/AK/1001_Normal.ubulk" 2523
"C:/Users/User/Downloads/Parcial02/Content/AK/1001_Normal.uasset" 2524
"C:/Users/User/Downloads/Parcial02/Content/AK/1001_Normal.uptnl" 2525
"C:/Users/User/Downloads/Parcial02/Content/AK/1001_Metallic.uexp" 2526
"C:/Users/User/Downloads/Parcial02/Content/AK/1001_Metallic.ubulk" 2527
"C:/Users/User/Downloads/Parcial02/Content/AK/1001_Metallic.uasset" 2528
"C:/Users/User/Downloads/Parcial02/Content/AK/1001_Metallic.uptnl" 2529
"C:/Users/User/Downloads/Parcial02/Content/AK/1001_Emission.uexp" 2530
"C:/Users/User/Downloads/Parcial02/Content/AK/1001_Emission.ubulk" 2531
"C:/Users/User/Downloads/Parcial02/Content/AK/1001_Emission.uasset" 2532
"C:/Users/User/Downloads/Parcial02/Content/AK/1001_Emission.uptnl" 2533
"C:/Users/User/Downloads/Parcial02/Content/AK/1001_BaseColor.uexp" 2534
"C:/Users/User/Downloads/Parcial02/Content/AK/1001_BaseColor.ubulk" 2535
"C:/Users/User/Downloads/Parcial02/Content/AK/1001_BaseColor.uasset" 2536
"C:/Users/User/Downloads/Parcial02/Content/AK/1001_BaseColor.uptnl" 2537
"C:/Users/User/Downloads/Parcial02/Content/AK/1001_Alpha.uexp" 2538
"C:/Users/User/Downloads/Parcial02/Content/AK/1001_Alpha.ubulk" 2539
"C:/Users/User/Downloads/Parcial02/Content/AK/1001_Alpha.uasset" 2540
"C:/Users/User/Downloads/Parcial02/Content/AK/1001_Alpha.uptnl" 2541
"C:/Users/User/Downloads/Parcial02/Content/AK/Material_007.uasset" 2542
"C:/Users/User/Downloads/Parcial02/Content/AK/Material_007.uexp" 2543
"C:/Users/User/Downloads/Parcial02/Content/AK/AK.ubulk" 2544
"C:/Users/User/Downloads/Parcial02/Content/AK/AK.uasset" 2545
"C:/Users/User/Downloads/Parcial02/Content/AK/AK.uexp" 2546
"C:/Users/User/Downloads/Parcial02/Content/AR70/Textures/T_AR70_RAOM.ubulk" 2547
"C:/Users/User/Downloads/Parcial02/Content/AR70/Textures/T_AR70_RAOM.uasset" 2548
"C:/Users/User/Downloads/Parcial02/Content/AR70/Textures/T_AR70_RAOM.uexp" 2549
"C:/Users/User/Downloads/Parcial02/Content/AR70/Textures/T_AR70_N.ubulk" 2550
"C:/Users/User/Downloads/Parcial02/Content/AR70/Textures/T_AR70_N.uasset" 2551
"C:/Users/User/Downloads/Parcial02/Content/AR70/Textures/T_AR70_N.uexp" 2552
"C:/Users/User/Downloads/Parcial02/Content/AR70/Textures/T_AR70_A.ubulk" 2553
"C:/Users/User/Downloads/Parcial02/Content/AR70/Textures/T_AR70_A.uasset" 2554
"C:/Users/User/Downloads/Parcial02/Content/AR70/Textures/T_AR70_A.uexp" 2555
"C:/Users/User/Downloads/Parcial02/Content/AR70/Materials/M_AR70.uasset" 2556
"C:/Users/User/Downloads/Parcial02/Content/AR70/Materials/M_AR70.uexp" 2557
"C:/Users/User/Downloads/Parcial02/Content/AR70/Models/Ar70_PBR.ubulk" 2558
"C:/Users/User/Downloads/Parcial02/Content/AR70/Models/Ar70_PBR.uasset" 2559
"C:/Users/User/Downloads/Parcial02/Content/AR70/Models/Ar70_PBR.uexp" 2560
"../../../Engine/Plugins/Interchange/Assets/Content/gltf/MaterialInstances/MI_Default_Opaque.uasset" 2561
"../../../Engine/Plugins/Interchange/Assets/Content/gltf/MaterialInstances/MI_Default_Opaque.uexp" 2562
"C:/Users/User/Downloads/Parcial02/Content/Fab/Pack_of_12_High-Poly_Candle_3D_Models/candle__10_/Textures/ORM_bebc0272-2e6c-4c96-a715-bcc43b392922.ubulk" 2563
"C:/Users/User/Downloads/Parcial02/Content/Fab/Pack_of_12_High-Poly_Candle_3D_Models/candle__10_/Textures/ORM_bebc0272-2e6c-4c96-a715-bcc43b392922.uasset" 2564
"C:/Users/User/Downloads/Parcial02/Content/Fab/Pack_of_12_High-Poly_Candle_3D_Models/candle__10_/Textures/ORM_bebc0272-2e6c-4c96-a715-bcc43b392922.uexp" 2565
"C:/Users/User/Downloads/Parcial02/Content/Fab/Pack_of_12_High-Poly_Candle_3D_Models/candle__10_/Textures/NormalGL_bebc0272-2e6c-4c96-a715-bcc43b392922.ubulk" 2566
"C:/Users/User/Downloads/Parcial02/Content/Fab/Pack_of_12_High-Poly_Candle_3D_Models/candle__10_/Textures/NormalGL_bebc0272-2e6c-4c96-a715-bcc43b392922.uasset" 2567
"C:/Users/User/Downloads/Parcial02/Content/Fab/Pack_of_12_High-Poly_Candle_3D_Models/candle__10_/Textures/NormalGL_bebc0272-2e6c-4c96-a715-bcc43b392922.uexp" 2568
"C:/Users/User/Downloads/Parcial02/Content/Fab/Pack_of_12_High-Poly_Candle_3D_Models/candle__10_/Textures/Color_bebc0272-2e6c-4c96-a715-bcc43b392922.ubulk" 2569
"C:/Users/User/Downloads/Parcial02/Content/Fab/Pack_of_12_High-Poly_Candle_3D_Models/candle__10_/Textures/Color_bebc0272-2e6c-4c96-a715-bcc43b392922.uasset" 2570
"C:/Users/User/Downloads/Parcial02/Content/Fab/Pack_of_12_High-Poly_Candle_3D_Models/candle__10_/Textures/Color_bebc0272-2e6c-4c96-a715-bcc43b392922.uexp" 2571
"C:/Users/User/Downloads/Parcial02/Content/Fab/Pack_of_12_High-Poly_Candle_3D_Models/candle__10_/Materials/tripo_material_bebc0272-2e6c-4c96-a715-bcc43b392922.uasset" 2572
"C:/Users/User/Downloads/Parcial02/Content/Fab/Pack_of_12_High-Poly_Candle_3D_Models/candle__10_/Materials/tripo_material_bebc0272-2e6c-4c96-a715-bcc43b392922.uexp" 2573
"C:/Users/User/Downloads/Parcial02/Content/Fab/Pack_of_12_High-Poly_Candle_3D_Models/candle__10_/StaticMeshes/candle__10_.ubulk" 2574
"C:/Users/User/Downloads/Parcial02/Content/Fab/Pack_of_12_High-Poly_Candle_3D_Models/candle__10_/StaticMeshes/candle__10_.uasset" 2575
"C:/Users/User/Downloads/Parcial02/Content/Fab/Pack_of_12_High-Poly_Candle_3D_Models/candle__10_/StaticMeshes/candle__10_.uexp" 2576
"C:/Users/User/Downloads/Parcial02/Content/Fab/Pack_of_12_High-Poly_Candle_3D_Models/candle__1_/Textures/ORM_2e235fa3-6444-4e1f-984d-b7fc05d9f193.ubulk" 2577
"C:/Users/User/Downloads/Parcial02/Content/Fab/Pack_of_12_High-Poly_Candle_3D_Models/candle__1_/Textures/ORM_2e235fa3-6444-4e1f-984d-b7fc05d9f193.uasset" 2578
"C:/Users/User/Downloads/Parcial02/Content/Fab/Pack_of_12_High-Poly_Candle_3D_Models/candle__1_/Textures/ORM_2e235fa3-6444-4e1f-984d-b7fc05d9f193.uexp" 2579
"C:/Users/User/Downloads/Parcial02/Content/Fab/Pack_of_12_High-Poly_Candle_3D_Models/candle__1_/Textures/NormalGL_2e235fa3-6444-4e1f-984d-b7fc05d9f193.ubulk" 2580
"C:/Users/User/Downloads/Parcial02/Content/Fab/Pack_of_12_High-Poly_Candle_3D_Models/candle__1_/Textures/NormalGL_2e235fa3-6444-4e1f-984d-b7fc05d9f193.uasset" 2581
"C:/Users/User/Downloads/Parcial02/Content/Fab/Pack_of_12_High-Poly_Candle_3D_Models/candle__1_/Textures/NormalGL_2e235fa3-6444-4e1f-984d-b7fc05d9f193.uexp" 2582
"C:/Users/User/Downloads/Parcial02/Content/Fab/Pack_of_12_High-Poly_Candle_3D_Models/candle__1_/Textures/Color_2e235fa3-6444-4e1f-984d-b7fc05d9f193.ubulk" 2583
"C:/Users/User/Downloads/Parcial02/Content/Fab/Pack_of_12_High-Poly_Candle_3D_Models/candle__1_/Textures/Color_2e235fa3-6444-4e1f-984d-b7fc05d9f193.uasset" 2584
"C:/Users/User/Downloads/Parcial02/Content/Fab/Pack_of_12_High-Poly_Candle_3D_Models/candle__1_/Textures/Color_2e235fa3-6444-4e1f-984d-b7fc05d9f193.uexp" 2585
"C:/Users/User/Downloads/Parcial02/Content/Fab/Pack_of_12_High-Poly_Candle_3D_Models/candle__1_/Materials/tripo_material_2e235fa3-6444-4e1f-984d-b7fc05d9f193.uasset" 2586
"C:/Users/User/Downloads/Parcial02/Content/Fab/Pack_of_12_High-Poly_Candle_3D_Models/candle__1_/Materials/tripo_material_2e235fa3-6444-4e1f-984d-b7fc05d9f193.uexp" 2587
"C:/Users/User/Downloads/Parcial02/Content/Fab/Pack_of_12_High-Poly_Candle_3D_Models/candle__1_/StaticMeshes/candle__1_.ubulk" 2588
"C:/Users/User/Downloads/Parcial02/Content/Fab/Pack_of_12_High-Poly_Candle_3D_Models/candle__1_/StaticMeshes/candle__1_.uasset" 2589
"C:/Users/User/Downloads/Parcial02/Content/Fab/Pack_of_12_High-Poly_Candle_3D_Models/candle__1_/StaticMeshes/candle__1_.uexp" 2590
"C:/Users/User/Downloads/Parcial02/Content/Fab/Pack_of_12_High-Poly_Candle_3D_Models/candle__2_/Textures/ORM_5d9fc05e-f41e-40af-a1ca-6e82b026b01f.ubulk" 2591
"C:/Users/User/Downloads/Parcial02/Content/Fab/Pack_of_12_High-Poly_Candle_3D_Models/candle__2_/Textures/ORM_5d9fc05e-f41e-40af-a1ca-6e82b026b01f.uasset" 2592
"C:/Users/User/Downloads/Parcial02/Content/Fab/Pack_of_12_High-Poly_Candle_3D_Models/candle__2_/Textures/ORM_5d9fc05e-f41e-40af-a1ca-6e82b026b01f.uexp" 2593
"C:/Users/User/Downloads/Parcial02/Content/Fab/Pack_of_12_High-Poly_Candle_3D_Models/candle__2_/Textures/NormalGL_5d9fc05e-f41e-40af-a1ca-6e82b026b01f.ubulk" 2594
"C:/Users/User/Downloads/Parcial02/Content/Fab/Pack_of_12_High-Poly_Candle_3D_Models/candle__2_/Textures/NormalGL_5d9fc05e-f41e-40af-a1ca-6e82b026b01f.uasset" 2595
"C:/Users/User/Downloads/Parcial02/Content/Fab/Pack_of_12_High-Poly_Candle_3D_Models/candle__2_/Textures/NormalGL_5d9fc05e-f41e-40af-a1ca-6e82b026b01f.uexp" 2596
"C:/Users/User/Downloads/Parcial02/Content/Fab/Pack_of_12_High-Poly_Candle_3D_Models/candle__2_/Textures/Color_5d9fc05e-f41e-40af-a1ca-6e82b026b01f.ubulk" 2597
"C:/Users/User/Downloads/Parcial02/Content/Fab/Pack_of_12_High-Poly_Candle_3D_Models/candle__2_/Textures/Color_5d9fc05e-f41e-40af-a1ca-6e82b026b01f.uasset" 2598
"C:/Users/User/Downloads/Parcial02/Content/Fab/Pack_of_12_High-Poly_Candle_3D_Models/candle__2_/Textures/Color_5d9fc05e-f41e-40af-a1ca-6e82b026b01f.uexp" 2599
"C:/Users/User/Downloads/Parcial02/Content/Fab/Pack_of_12_High-Poly_Candle_3D_Models/candle__2_/Materials/tripo_material_5d9fc05e-f41e-40af-a1ca-6e82b026b01f.uasset" 2600
"C:/Users/User/Downloads/Parcial02/Content/Fab/Pack_of_12_High-Poly_Candle_3D_Models/candle__2_/Materials/tripo_material_5d9fc05e-f41e-40af-a1ca-6e82b026b01f.uexp" 2601
"C:/Users/User/Downloads/Parcial02/Content/Fab/Pack_of_12_High-Poly_Candle_3D_Models/candle__2_/StaticMeshes/candle__2_.ubulk" 2602
"C:/Users/User/Downloads/Parcial02/Content/Fab/Pack_of_12_High-Poly_Candle_3D_Models/candle__2_/StaticMeshes/candle__2_.uasset" 2603
"C:/Users/User/Downloads/Parcial02/Content/Fab/Pack_of_12_High-Poly_Candle_3D_Models/candle__2_/StaticMeshes/candle__2_.uexp" 2604
"C:/Users/User/Downloads/Parcial02/Content/Fab/Pack_of_12_High-Poly_Candle_3D_Models/candle__3_/Textures/ORM_5e2b3687-7f7e-4e97-a186-17b5df7cb3a4.ubulk" 2605
"C:/Users/User/Downloads/Parcial02/Content/Fab/Pack_of_12_High-Poly_Candle_3D_Models/candle__3_/Textures/ORM_5e2b3687-7f7e-4e97-a186-17b5df7cb3a4.uasset" 2606
"C:/Users/User/Downloads/Parcial02/Content/Fab/Pack_of_12_High-Poly_Candle_3D_Models/candle__3_/Textures/ORM_5e2b3687-7f7e-4e97-a186-17b5df7cb3a4.uexp" 2607
"C:/Users/User/Downloads/Parcial02/Content/Fab/Pack_of_12_High-Poly_Candle_3D_Models/candle__3_/Textures/NormalGL_5e2b3687-7f7e-4e97-a186-17b5df7cb3a4.ubulk" 2608
"C:/Users/User/Downloads/Parcial02/Content/Fab/Pack_of_12_High-Poly_Candle_3D_Models/candle__3_/Textures/NormalGL_5e2b3687-7f7e-4e97-a186-17b5df7cb3a4.uasset" 2609
"C:/Users/User/Downloads/Parcial02/Content/Fab/Pack_of_12_High-Poly_Candle_3D_Models/candle__3_/Textures/NormalGL_5e2b3687-7f7e-4e97-a186-17b5df7cb3a4.uexp" 2610
"C:/Users/User/Downloads/Parcial02/Content/Fab/Pack_of_12_High-Poly_Candle_3D_Models/candle__3_/Textures/Color_5e2b3687-7f7e-4e97-a186-17b5df7cb3a4.ubulk" 2611
"C:/Users/User/Downloads/Parcial02/Content/Fab/Pack_of_12_High-Poly_Candle_3D_Models/candle__3_/Textures/Color_5e2b3687-7f7e-4e97-a186-17b5df7cb3a4.uasset" 2612
"C:/Users/User/Downloads/Parcial02/Content/Fab/Pack_of_12_High-Poly_Candle_3D_Models/candle__3_/Textures/Color_5e2b3687-7f7e-4e97-a186-17b5df7cb3a4.uexp" 2613
"C:/Users/User/Downloads/Parcial02/Content/Fab/Pack_of_12_High-Poly_Candle_3D_Models/candle__3_/Materials/tripo_material_5e2b3687-7f7e-4e97-a186-17b5df7cb3a4.uasset" 2614
"C:/Users/User/Downloads/Parcial02/Content/Fab/Pack_of_12_High-Poly_Candle_3D_Models/candle__3_/Materials/tripo_material_5e2b3687-7f7e-4e97-a186-17b5df7cb3a4.uexp" 2615
"C:/Users/User/Downloads/Parcial02/Content/Fab/Pack_of_12_High-Poly_Candle_3D_Models/candle__3_/StaticMeshes/candle__3_.ubulk" 2616
"C:/Users/User/Downloads/Parcial02/Content/Fab/Pack_of_12_High-Poly_Candle_3D_Models/candle__3_/StaticMeshes/candle__3_.uasset" 2617
"C:/Users/User/Downloads/Parcial02/Content/Fab/Pack_of_12_High-Poly_Candle_3D_Models/candle__3_/StaticMeshes/candle__3_.uexp" 2618
"C:/Users/User/Downloads/Parcial02/Content/Fab/Pack_of_12_High-Poly_Candle_3D_Models/candle__4_/Textures/ORM_8fb2337c-9bca-49bb-a74b-52511b7741c3.ubulk" 2619
"C:/Users/User/Downloads/Parcial02/Content/Fab/Pack_of_12_High-Poly_Candle_3D_Models/candle__4_/Textures/ORM_8fb2337c-9bca-49bb-a74b-52511b7741c3.uasset" 2620
"C:/Users/User/Downloads/Parcial02/Content/Fab/Pack_of_12_High-Poly_Candle_3D_Models/candle__4_/Textures/ORM_8fb2337c-9bca-49bb-a74b-52511b7741c3.uexp" 2621
"C:/Users/User/Downloads/Parcial02/Content/Fab/Pack_of_12_High-Poly_Candle_3D_Models/candle__4_/Textures/NormalGL_8fb2337c-9bca-49bb-a74b-52511b7741c3.ubulk" 2622
"C:/Users/User/Downloads/Parcial02/Content/Fab/Pack_of_12_High-Poly_Candle_3D_Models/candle__4_/Textures/NormalGL_8fb2337c-9bca-49bb-a74b-52511b7741c3.uasset" 2623
"C:/Users/User/Downloads/Parcial02/Content/Fab/Pack_of_12_High-Poly_Candle_3D_Models/candle__4_/Textures/NormalGL_8fb2337c-9bca-49bb-a74b-52511b7741c3.uexp" 2624
"C:/Users/User/Downloads/Parcial02/Content/Fab/Pack_of_12_High-Poly_Candle_3D_Models/candle__4_/Textures/Color_8fb2337c-9bca-49bb-a74b-52511b7741c3.ubulk" 2625
"C:/Users/User/Downloads/Parcial02/Content/Fab/Pack_of_12_High-Poly_Candle_3D_Models/candle__4_/Textures/Color_8fb2337c-9bca-49bb-a74b-52511b7741c3.uasset" 2626
"C:/Users/User/Downloads/Parcial02/Content/Fab/Pack_of_12_High-Poly_Candle_3D_Models/candle__4_/Textures/Color_8fb2337c-9bca-49bb-a74b-52511b7741c3.uexp" 2627
"C:/Users/User/Downloads/Parcial02/Content/Fab/Pack_of_12_High-Poly_Candle_3D_Models/candle__4_/Materials/tripo_material_8fb2337c-9bca-49bb-a74b-52511b7741c3.uasset" 2628
"C:/Users/User/Downloads/Parcial02/Content/Fab/Pack_of_12_High-Poly_Candle_3D_Models/candle__4_/Materials/tripo_material_8fb2337c-9bca-49bb-a74b-52511b7741c3.uexp" 2629
"C:/Users/User/Downloads/Parcial02/Content/Fab/Pack_of_12_High-Poly_Candle_3D_Models/candle__4_/StaticMeshes/candle__4_.ubulk" 2630
"C:/Users/User/Downloads/Parcial02/Content/Fab/Pack_of_12_High-Poly_Candle_3D_Models/candle__4_/StaticMeshes/candle__4_.uasset" 2631
"C:/Users/User/Downloads/Parcial02/Content/Fab/Pack_of_12_High-Poly_Candle_3D_Models/candle__4_/StaticMeshes/candle__4_.uexp" 2632
"C:/Users/User/Downloads/Parcial02/Content/Fab/Pack_of_12_High-Poly_Candle_3D_Models/candle__6_/Textures/ORM_25d2fe7a-53b9-4a7f-bc8b-1ea766053352.ubulk" 2633
"C:/Users/User/Downloads/Parcial02/Content/Fab/Pack_of_12_High-Poly_Candle_3D_Models/candle__6_/Textures/ORM_25d2fe7a-53b9-4a7f-bc8b-1ea766053352.uasset" 2634
"C:/Users/User/Downloads/Parcial02/Content/Fab/Pack_of_12_High-Poly_Candle_3D_Models/candle__6_/Textures/ORM_25d2fe7a-53b9-4a7f-bc8b-1ea766053352.uexp" 2635
"C:/Users/User/Downloads/Parcial02/Content/Fab/Pack_of_12_High-Poly_Candle_3D_Models/candle__6_/Textures/NormalGL_25d2fe7a-53b9-4a7f-bc8b-1ea766053352.ubulk" 2636
"C:/Users/User/Downloads/Parcial02/Content/Fab/Pack_of_12_High-Poly_Candle_3D_Models/candle__6_/Textures/NormalGL_25d2fe7a-53b9-4a7f-bc8b-1ea766053352.uasset" 2637
"C:/Users/User/Downloads/Parcial02/Content/Fab/Pack_of_12_High-Poly_Candle_3D_Models/candle__6_/Textures/NormalGL_25d2fe7a-53b9-4a7f-bc8b-1ea766053352.uexp" 2638
"C:/Users/User/Downloads/Parcial02/Content/Fab/Pack_of_12_High-Poly_Candle_3D_Models/candle__6_/Textures/Color_25d2fe7a-53b9-4a7f-bc8b-1ea766053352.ubulk" 2639
"C:/Users/User/Downloads/Parcial02/Content/Fab/Pack_of_12_High-Poly_Candle_3D_Models/candle__6_/Textures/Color_25d2fe7a-53b9-4a7f-bc8b-1ea766053352.uasset" 2640
"C:/Users/User/Downloads/Parcial02/Content/Fab/Pack_of_12_High-Poly_Candle_3D_Models/candle__6_/Textures/Color_25d2fe7a-53b9-4a7f-bc8b-1ea766053352.uexp" 2641
"C:/Users/User/Downloads/Parcial02/Content/Fab/Pack_of_12_High-Poly_Candle_3D_Models/candle__6_/Materials/tripo_material_25d2fe7a-53b9-4a7f-bc8b-1ea766053352.uasset" 2642
"C:/Users/User/Downloads/Parcial02/Content/Fab/Pack_of_12_High-Poly_Candle_3D_Models/candle__6_/Materials/tripo_material_25d2fe7a-53b9-4a7f-bc8b-1ea766053352.uexp" 2643
"C:/Users/User/Downloads/Parcial02/Content/Fab/Pack_of_12_High-Poly_Candle_3D_Models/candle__6_/StaticMeshes/candle__6_.ubulk" 2644
"C:/Users/User/Downloads/Parcial02/Content/Fab/Pack_of_12_High-Poly_Candle_3D_Models/candle__6_/StaticMeshes/candle__6_.uasset" 2645
"C:/Users/User/Downloads/Parcial02/Content/Fab/Pack_of_12_High-Poly_Candle_3D_Models/candle__6_/StaticMeshes/candle__6_.uexp" 2646
"C:/Users/User/Downloads/Parcial02/Content/Fab/Pack_of_12_High-Poly_Candle_3D_Models/candle__9_/Textures/ORM_bdfb56fa-4cb5-4e45-89d8-1f78d4da1386.ubulk" 2647
"C:/Users/User/Downloads/Parcial02/Content/Fab/Pack_of_12_High-Poly_Candle_3D_Models/candle__9_/Textures/ORM_bdfb56fa-4cb5-4e45-89d8-1f78d4da1386.uasset" 2648
"C:/Users/User/Downloads/Parcial02/Content/Fab/Pack_of_12_High-Poly_Candle_3D_Models/candle__9_/Textures/ORM_bdfb56fa-4cb5-4e45-89d8-1f78d4da1386.uexp" 2649
"C:/Users/User/Downloads/Parcial02/Content/Fab/Pack_of_12_High-Poly_Candle_3D_Models/candle__9_/Textures/NormalGL_bdfb56fa-4cb5-4e45-89d8-1f78d4da1386.ubulk" 2650
"C:/Users/User/Downloads/Parcial02/Content/Fab/Pack_of_12_High-Poly_Candle_3D_Models/candle__9_/Textures/NormalGL_bdfb56fa-4cb5-4e45-89d8-1f78d4da1386.uasset" 2651
"C:/Users/User/Downloads/Parcial02/Content/Fab/Pack_of_12_High-Poly_Candle_3D_Models/candle__9_/Textures/NormalGL_bdfb56fa-4cb5-4e45-89d8-1f78d4da1386.uexp" 2652
"C:/Users/User/Downloads/Parcial02/Content/Fab/Pack_of_12_High-Poly_Candle_3D_Models/candle__9_/Textures/Color_bdfb56fa-4cb5-4e45-89d8-1f78d4da1386.ubulk" 2653
"C:/Users/User/Downloads/Parcial02/Content/Fab/Pack_of_12_High-Poly_Candle_3D_Models/candle__9_/Textures/Color_bdfb56fa-4cb5-4e45-89d8-1f78d4da1386.uasset" 2654
"C:/Users/User/Downloads/Parcial02/Content/Fab/Pack_of_12_High-Poly_Candle_3D_Models/candle__9_/Textures/Color_bdfb56fa-4cb5-4e45-89d8-1f78d4da1386.uexp" 2655
"C:/Users/User/Downloads/Parcial02/Content/Fab/Pack_of_12_High-Poly_Candle_3D_Models/candle__9_/Materials/tripo_material_bdfb56fa-4cb5-4e45-89d8-1f78d4da1386.uasset" 2656
"C:/Users/User/Downloads/Parcial02/Content/Fab/Pack_of_12_High-Poly_Candle_3D_Models/candle__9_/Materials/tripo_material_bdfb56fa-4cb5-4e45-89d8-1f78d4da1386.uexp" 2657
"C:/Users/User/Downloads/Parcial02/Content/Fab/Pack_of_12_High-Poly_Candle_3D_Models/candle__9_/StaticMeshes/candle__9_.ubulk" 2658
"C:/Users/User/Downloads/Parcial02/Content/Fab/Pack_of_12_High-Poly_Candle_3D_Models/candle__9_/StaticMeshes/candle__9_.uasset" 2659
"C:/Users/User/Downloads/Parcial02/Content/Fab/Pack_of_12_High-Poly_Candle_3D_Models/candle__9_/StaticMeshes/candle__9_.uexp" 2660
"C:/Users/User/Downloads/Parcial02/Content/NationalMaritimeMuseum/Models/105_Celestial_14/Textures/T_Celestial_14_RN.ubulk" 2661
"C:/Users/User/Downloads/Parcial02/Content/NationalMaritimeMuseum/Models/105_Celestial_14/Textures/T_Celestial_14_RN.uasset" 2662
"C:/Users/User/Downloads/Parcial02/Content/NationalMaritimeMuseum/Models/105_Celestial_14/Textures/T_Celestial_14_RN.uexp" 2663
"C:/Users/User/Downloads/Parcial02/Content/NationalMaritimeMuseum/Models/105_Celestial_14/Textures/T_Celestial_14_NM.ubulk" 2664
"C:/Users/User/Downloads/Parcial02/Content/NationalMaritimeMuseum/Models/105_Celestial_14/Textures/T_Celestial_14_NM.uasset" 2665
"C:/Users/User/Downloads/Parcial02/Content/NationalMaritimeMuseum/Models/105_Celestial_14/Textures/T_Celestial_14_NM.uexp" 2666
"C:/Users/User/Downloads/Parcial02/Content/NationalMaritimeMuseum/Models/105_Celestial_14/Textures/T_Celestial_14_MT.ubulk" 2667
"C:/Users/User/Downloads/Parcial02/Content/NationalMaritimeMuseum/Models/105_Celestial_14/Textures/T_Celestial_14_MT.uasset" 2668
"C:/Users/User/Downloads/Parcial02/Content/NationalMaritimeMuseum/Models/105_Celestial_14/Textures/T_Celestial_14_MT.uexp" 2669
"C:/Users/User/Downloads/Parcial02/Content/NationalMaritimeMuseum/Models/105_Celestial_14/Textures/T_Celestial_14_BC.ubulk" 2670
"C:/Users/User/Downloads/Parcial02/Content/NationalMaritimeMuseum/Models/105_Celestial_14/Textures/T_Celestial_14_BC.uasset" 2671
"C:/Users/User/Downloads/Parcial02/Content/NationalMaritimeMuseum/Models/105_Celestial_14/Textures/T_Celestial_14_BC.uexp" 2672
"C:/Users/User/Downloads/Parcial02/Content/NationalMaritimeMuseum/Models/105_Celestial_14/Textures/T_Celestial_14_AO.ubulk" 2673
"C:/Users/User/Downloads/Parcial02/Content/NationalMaritimeMuseum/Models/105_Celestial_14/Textures/T_Celestial_14_AO.uasset" 2674
"C:/Users/User/Downloads/Parcial02/Content/NationalMaritimeMuseum/Models/105_Celestial_14/Textures/T_Celestial_14_AO.uexp" 2675
"C:/Users/User/Downloads/Parcial02/Content/NationalMaritimeMuseum/Models/105_Celestial_14/Materials/M_Celestial_14.uasset" 2676
"C:/Users/User/Downloads/Parcial02/Content/NationalMaritimeMuseum/Models/105_Celestial_14/Materials/M_Celestial_14.uexp" 2677
"C:/Users/User/Downloads/Parcial02/Content/NationalMaritimeMuseum/Models/105_Celestial_14/Mesh/SM_Celestial_14.ubulk" 2678
"C:/Users/User/Downloads/Parcial02/Content/NationalMaritimeMuseum/Models/105_Celestial_14/Mesh/SM_Celestial_14.uasset" 2679
"C:/Users/User/Downloads/Parcial02/Content/NationalMaritimeMuseum/Models/105_Celestial_14/Mesh/SM_Celestial_14.uexp" 2680
"C:/Users/User/Downloads/Parcial02/Content/NationalMaritimeMuseum/Models/116_Celestial_22/Textures/T_Celestial_22_02_RN.ubulk" 2681
"C:/Users/User/Downloads/Parcial02/Content/NationalMaritimeMuseum/Models/116_Celestial_22/Textures/T_Celestial_22_02_RN.uasset" 2682
"C:/Users/User/Downloads/Parcial02/Content/NationalMaritimeMuseum/Models/116_Celestial_22/Textures/T_Celestial_22_02_RN.uexp" 2683
"C:/Users/User/Downloads/Parcial02/Content/NationalMaritimeMuseum/Models/116_Celestial_22/Textures/T_Celestial_22_02_NM.ubulk" 2684
"C:/Users/User/Downloads/Parcial02/Content/NationalMaritimeMuseum/Models/116_Celestial_22/Textures/T_Celestial_22_02_NM.uasset" 2685
"C:/Users/User/Downloads/Parcial02/Content/NationalMaritimeMuseum/Models/116_Celestial_22/Textures/T_Celestial_22_02_NM.uexp" 2686
"C:/Users/User/Downloads/Parcial02/Content/NationalMaritimeMuseum/Models/116_Celestial_22/Textures/T_Celestial_22_02_MT.ubulk" 2687
"C:/Users/User/Downloads/Parcial02/Content/NationalMaritimeMuseum/Models/116_Celestial_22/Textures/T_Celestial_22_02_MT.uasset" 2688
"C:/Users/User/Downloads/Parcial02/Content/NationalMaritimeMuseum/Models/116_Celestial_22/Textures/T_Celestial_22_02_MT.uexp" 2689
"C:/Users/User/Downloads/Parcial02/Content/NationalMaritimeMuseum/Models/116_Celestial_22/Textures/T_Celestial_22_02_BC.ubulk" 2690
"C:/Users/User/Downloads/Parcial02/Content/NationalMaritimeMuseum/Models/116_Celestial_22/Textures/T_Celestial_22_02_BC.uasset" 2691
"C:/Users/User/Downloads/Parcial02/Content/NationalMaritimeMuseum/Models/116_Celestial_22/Textures/T_Celestial_22_02_BC.uexp" 2692
"C:/Users/User/Downloads/Parcial02/Content/NationalMaritimeMuseum/Models/116_Celestial_22/Textures/T_Celestial_22_02_AO.ubulk" 2693
"C:/Users/User/Downloads/Parcial02/Content/NationalMaritimeMuseum/Models/116_Celestial_22/Textures/T_Celestial_22_02_AO.uasset" 2694
"C:/Users/User/Downloads/Parcial02/Content/NationalMaritimeMuseum/Models/116_Celestial_22/Textures/T_Celestial_22_02_AO.uexp" 2695
"C:/Users/User/Downloads/Parcial02/Content/NationalMaritimeMuseum/Models/116_Celestial_22/Materials/M_Celestial_22_02.uasset" 2696
"C:/Users/User/Downloads/Parcial02/Content/NationalMaritimeMuseum/Models/116_Celestial_22/Materials/M_Celestial_22_02.uexp" 2697
"C:/Users/User/Downloads/Parcial02/Content/NationalMaritimeMuseum/Models/116_Celestial_22/Mesh/SM_Celestial_22_02.ubulk" 2698
"C:/Users/User/Downloads/Parcial02/Content/NationalMaritimeMuseum/Models/116_Celestial_22/Mesh/SM_Celestial_22_02.uasset" 2699
"C:/Users/User/Downloads/Parcial02/Content/NationalMaritimeMuseum/Models/116_Celestial_22/Mesh/SM_Celestial_22_02.uexp" 2700
"C:/Users/User/Downloads/Parcial02/Content/NationalMaritimeMuseum/Models/23_Swimming_Goggles_01/Textures/T_Swimming_Goggles_01_1_RN.ubulk" 2701
"C:/Users/User/Downloads/Parcial02/Content/NationalMaritimeMuseum/Models/23_Swimming_Goggles_01/Textures/T_Swimming_Goggles_01_1_RN.uasset" 2702
"C:/Users/User/Downloads/Parcial02/Content/NationalMaritimeMuseum/Models/23_Swimming_Goggles_01/Textures/T_Swimming_Goggles_01_1_RN.uexp" 2703
"C:/Users/User/Downloads/Parcial02/Content/NationalMaritimeMuseum/Models/23_Swimming_Goggles_01/Textures/T_Swimming_Goggles_01_1_NM.ubulk" 2704
"C:/Users/User/Downloads/Parcial02/Content/NationalMaritimeMuseum/Models/23_Swimming_Goggles_01/Textures/T_Swimming_Goggles_01_1_NM.uasset" 2705
"C:/Users/User/Downloads/Parcial02/Content/NationalMaritimeMuseum/Models/23_Swimming_Goggles_01/Textures/T_Swimming_Goggles_01_1_NM.uexp" 2706
"C:/Users/User/Downloads/Parcial02/Content/NationalMaritimeMuseum/Models/23_Swimming_Goggles_01/Textures/T_Swimming_Goggles_01_1_MT.ubulk" 2707
"C:/Users/User/Downloads/Parcial02/Content/NationalMaritimeMuseum/Models/23_Swimming_Goggles_01/Textures/T_Swimming_Goggles_01_1_MT.uasset" 2708
"C:/Users/User/Downloads/Parcial02/Content/NationalMaritimeMuseum/Models/23_Swimming_Goggles_01/Textures/T_Swimming_Goggles_01_1_MT.uexp" 2709
"C:/Users/User/Downloads/Parcial02/Content/NationalMaritimeMuseum/Models/23_Swimming_Goggles_01/Textures/T_Swimming_Goggles_01_1_BC.ubulk" 2710
"C:/Users/User/Downloads/Parcial02/Content/NationalMaritimeMuseum/Models/23_Swimming_Goggles_01/Textures/T_Swimming_Goggles_01_1_BC.uasset" 2711
"C:/Users/User/Downloads/Parcial02/Content/NationalMaritimeMuseum/Models/23_Swimming_Goggles_01/Textures/T_Swimming_Goggles_01_1_BC.uexp" 2712
"C:/Users/User/Downloads/Parcial02/Content/NationalMaritimeMuseum/Models/23_Swimming_Goggles_01/Textures/T_Swimming_Goggles_01_1_AO.ubulk" 2713
"C:/Users/User/Downloads/Parcial02/Content/NationalMaritimeMuseum/Models/23_Swimming_Goggles_01/Textures/T_Swimming_Goggles_01_1_AO.uasset" 2714
"C:/Users/User/Downloads/Parcial02/Content/NationalMaritimeMuseum/Models/23_Swimming_Goggles_01/Textures/T_Swimming_Goggles_01_1_AO.uexp" 2715
"C:/Users/User/Downloads/Parcial02/Content/NationalMaritimeMuseum/Models/23_Swimming_Goggles_01/Materials/M_Swimming_Goggles_01_1.uasset" 2716
"C:/Users/User/Downloads/Parcial02/Content/NationalMaritimeMuseum/Models/23_Swimming_Goggles_01/Materials/M_Swimming_Goggles_01_1.uexp" 2717
"C:/Users/User/Downloads/Parcial02/Content/NationalMaritimeMuseum/Models/23_Swimming_Goggles_01/Textures/T_Swimming_Goggles_01_2_RN.ubulk" 2718
"C:/Users/User/Downloads/Parcial02/Content/NationalMaritimeMuseum/Models/23_Swimming_Goggles_01/Textures/T_Swimming_Goggles_01_2_RN.uasset" 2719
"C:/Users/User/Downloads/Parcial02/Content/NationalMaritimeMuseum/Models/23_Swimming_Goggles_01/Textures/T_Swimming_Goggles_01_2_RN.uexp" 2720
"C:/Users/User/Downloads/Parcial02/Content/NationalMaritimeMuseum/Models/23_Swimming_Goggles_01/Textures/T_Swimming_Goggles_01_2_NM.ubulk" 2721
"C:/Users/User/Downloads/Parcial02/Content/NationalMaritimeMuseum/Models/23_Swimming_Goggles_01/Textures/T_Swimming_Goggles_01_2_NM.uasset" 2722
"C:/Users/User/Downloads/Parcial02/Content/NationalMaritimeMuseum/Models/23_Swimming_Goggles_01/Textures/T_Swimming_Goggles_01_2_NM.uexp" 2723
"C:/Users/User/Downloads/Parcial02/Content/NationalMaritimeMuseum/Models/23_Swimming_Goggles_01/Textures/T_Swimming_Goggles_01_2_BC.ubulk" 2724
"C:/Users/User/Downloads/Parcial02/Content/NationalMaritimeMuseum/Models/23_Swimming_Goggles_01/Textures/T_Swimming_Goggles_01_2_BC.uasset" 2725
"C:/Users/User/Downloads/Parcial02/Content/NationalMaritimeMuseum/Models/23_Swimming_Goggles_01/Textures/T_Swimming_Goggles_01_2_BC.uexp" 2726
"C:/Users/User/Downloads/Parcial02/Content/NationalMaritimeMuseum/Models/23_Swimming_Goggles_01/Textures/T_Swimming_Goggles_01_2_AO.ubulk" 2727
"C:/Users/User/Downloads/Parcial02/Content/NationalMaritimeMuseum/Models/23_Swimming_Goggles_01/Textures/T_Swimming_Goggles_01_2_AO.uasset" 2728
"C:/Users/User/Downloads/Parcial02/Content/NationalMaritimeMuseum/Models/23_Swimming_Goggles_01/Textures/T_Swimming_Goggles_01_2_AO.uexp" 2729
"C:/Users/User/Downloads/Parcial02/Content/NationalMaritimeMuseum/Models/23_Swimming_Goggles_01/Materials/M_Swimming_Goggles_01_2.uasset" 2730
"C:/Users/User/Downloads/Parcial02/Content/NationalMaritimeMuseum/Models/23_Swimming_Goggles_01/Materials/M_Swimming_Goggles_01_2.uexp" 2731
"C:/Users/User/Downloads/Parcial02/Content/NationalMaritimeMuseum/Models/23_Swimming_Goggles_01/Mesh/SM_Swimming_Goggles_01.ubulk" 2732
"C:/Users/User/Downloads/Parcial02/Content/NationalMaritimeMuseum/Models/23_Swimming_Goggles_01/Mesh/SM_Swimming_Goggles_01.uasset" 2733
"C:/Users/User/Downloads/Parcial02/Content/NationalMaritimeMuseum/Models/23_Swimming_Goggles_01/Mesh/SM_Swimming_Goggles_01.uexp" 2734
"C:/Users/User/Downloads/Parcial02/Content/NationalMaritimeMuseum/Models/60_Bottle_02/Textures/T_Bottle_02_RN.ubulk" 2735
"C:/Users/User/Downloads/Parcial02/Content/NationalMaritimeMuseum/Models/60_Bottle_02/Textures/T_Bottle_02_RN.uasset" 2736
"C:/Users/User/Downloads/Parcial02/Content/NationalMaritimeMuseum/Models/60_Bottle_02/Textures/T_Bottle_02_RN.uexp" 2737
"C:/Users/User/Downloads/Parcial02/Content/NationalMaritimeMuseum/Models/60_Bottle_02/Textures/T_Bottle_02_NM.ubulk" 2738
"C:/Users/User/Downloads/Parcial02/Content/NationalMaritimeMuseum/Models/60_Bottle_02/Textures/T_Bottle_02_NM.uasset" 2739
"C:/Users/User/Downloads/Parcial02/Content/NationalMaritimeMuseum/Models/60_Bottle_02/Textures/T_Bottle_02_NM.uexp" 2740
"C:/Users/User/Downloads/Parcial02/Content/NationalMaritimeMuseum/Models/60_Bottle_02/Textures/T_Bottle_02_BC.ubulk" 2741
"C:/Users/User/Downloads/Parcial02/Content/NationalMaritimeMuseum/Models/60_Bottle_02/Textures/T_Bottle_02_BC.uasset" 2742
"C:/Users/User/Downloads/Parcial02/Content/NationalMaritimeMuseum/Models/60_Bottle_02/Textures/T_Bottle_02_BC.uexp" 2743
"C:/Users/User/Downloads/Parcial02/Content/NationalMaritimeMuseum/Models/60_Bottle_02/Textures/T_Bottle_02_AO.ubulk" 2744
"C:/Users/User/Downloads/Parcial02/Content/NationalMaritimeMuseum/Models/60_Bottle_02/Textures/T_Bottle_02_AO.uasset" 2745
"C:/Users/User/Downloads/Parcial02/Content/NationalMaritimeMuseum/Models/60_Bottle_02/Textures/T_Bottle_02_AO.uexp" 2746
"C:/Users/User/Downloads/Parcial02/Content/NationalMaritimeMuseum/Models/60_Bottle_02/Materials/M_Bottle_02.uasset" 2747
"C:/Users/User/Downloads/Parcial02/Content/NationalMaritimeMuseum/Models/60_Bottle_02/Materials/M_Bottle_02.uexp" 2748
"C:/Users/User/Downloads/Parcial02/Content/NationalMaritimeMuseum/Models/60_Bottle_02/Mesh/SM_Bottle_02.ubulk" 2749
"C:/Users/User/Downloads/Parcial02/Content/NationalMaritimeMuseum/Models/60_Bottle_02/Mesh/SM_Bottle_02.uasset" 2750
"C:/Users/User/Downloads/Parcial02/Content/NationalMaritimeMuseum/Models/60_Bottle_02/Mesh/SM_Bottle_02.uexp" 2751
"C:/Users/User/Downloads/Parcial02/Content/NationalMaritimeMuseum/Models/83_Rudder/Textures/T_Rudder_RN.ubulk" 2752
"C:/Users/User/Downloads/Parcial02/Content/NationalMaritimeMuseum/Models/83_Rudder/Textures/T_Rudder_RN.uasset" 2753
"C:/Users/User/Downloads/Parcial02/Content/NationalMaritimeMuseum/Models/83_Rudder/Textures/T_Rudder_RN.uexp" 2754
"C:/Users/User/Downloads/Parcial02/Content/NationalMaritimeMuseum/Models/83_Rudder/Textures/T_Rudder_NM.ubulk" 2755
"C:/Users/User/Downloads/Parcial02/Content/NationalMaritimeMuseum/Models/83_Rudder/Textures/T_Rudder_NM.uasset" 2756
"C:/Users/User/Downloads/Parcial02/Content/NationalMaritimeMuseum/Models/83_Rudder/Textures/T_Rudder_NM.uexp" 2757
"C:/Users/User/Downloads/Parcial02/Content/NationalMaritimeMuseum/Models/83_Rudder/Textures/T_Rudder_BC.ubulk" 2758
"C:/Users/User/Downloads/Parcial02/Content/NationalMaritimeMuseum/Models/83_Rudder/Textures/T_Rudder_BC.uasset" 2759
"C:/Users/User/Downloads/Parcial02/Content/NationalMaritimeMuseum/Models/83_Rudder/Textures/T_Rudder_BC.uexp" 2760
"C:/Users/User/Downloads/Parcial02/Content/NationalMaritimeMuseum/Models/83_Rudder/Textures/T_Rudder_AO.ubulk" 2761
"C:/Users/User/Downloads/Parcial02/Content/NationalMaritimeMuseum/Models/83_Rudder/Textures/T_Rudder_AO.uasset" 2762
"C:/Users/User/Downloads/Parcial02/Content/NationalMaritimeMuseum/Models/83_Rudder/Textures/T_Rudder_AO.uexp" 2763
"C:/Users/User/Downloads/Parcial02/Content/NationalMaritimeMuseum/Models/83_Rudder/Materials/M_Rudder.uasset" 2764
"C:/Users/User/Downloads/Parcial02/Content/NationalMaritimeMuseum/Models/83_Rudder/Materials/M_Rudder.uexp" 2765
"C:/Users/User/Downloads/Parcial02/Content/NationalMaritimeMuseum/Models/83_Rudder/Mesh/SM_Rudder.ubulk" 2766
"C:/Users/User/Downloads/Parcial02/Content/NationalMaritimeMuseum/Models/83_Rudder/Mesh/SM_Rudder.uasset" 2767
"C:/Users/User/Downloads/Parcial02/Content/NationalMaritimeMuseum/Models/83_Rudder/Mesh/SM_Rudder.uexp" 2768
"C:/Users/User/Downloads/Parcial02/Content/Particles_Wind_Control_System/Textures/T_Emitter.uasset" 2769
"C:/Users/User/Downloads/Parcial02/Content/Particles_Wind_Control_System/Textures/T_Emitter.uexp" 2770
"../../../Engine/Content/Functions/Engine_MaterialFunctions01/Density/ExponentialDensity.uasset" 2771
"../../../Engine/Content/Functions/Engine_MaterialFunctions01/Density/ExponentialDensity.uexp" 2772
"../../../Engine/Content/Functions/Engine_MaterialFunctions01/Gradient/RadialGradientExponential.uasset" 2773
"../../../Engine/Content/Functions/Engine_MaterialFunctions01/Gradient/RadialGradientExponential.uexp" 2774
"../../../Engine/Content/Functions/Engine_MaterialFunctions01/ImageAdjustment/SCurve.uasset" 2775
"../../../Engine/Content/Functions/Engine_MaterialFunctions01/ImageAdjustment/SCurve.uexp" 2776
"C:/Users/User/Downloads/Parcial02/Content/Particles_Wind_Control_System/Materials/M_Candle_Mat.uasset" 2777
"C:/Users/User/Downloads/Parcial02/Content/Particles_Wind_Control_System/Materials/M_Candle_Mat.uexp" 2778
"C:/Users/User/Downloads/Parcial02/Content/Particles_Wind_Control_System/Blueprints/Components/Particles/P_Candle_Fire_Particle.uasset" 2779
"C:/Users/User/Downloads/Parcial02/Content/Particles_Wind_Control_System/Blueprints/Components/Particles/P_Candle_Fire_Particle.uexp" 2780
"C:/Users/User/Downloads/Parcial02/Content/Particles_Wind_Control_System/Blueprints/BP_Particle_Candle_Fire.uasset" 2781
"C:/Users/User/Downloads/Parcial02/Content/Particles_Wind_Control_System/Blueprints/BP_Particle_Candle_Fire.uexp" 2782
"C:/Users/User/Downloads/Parcial02/Content/Particles_Wind_Control_System/Materials/M_Fireflies.uasset" 2783
"C:/Users/User/Downloads/Parcial02/Content/Particles_Wind_Control_System/Materials/M_Fireflies.uexp" 2784
"C:/Users/User/Downloads/Parcial02/Content/Particles_Wind_Control_System/Blueprints/Components/Particles/P_Fireflies.uasset" 2785
"C:/Users/User/Downloads/Parcial02/Content/Particles_Wind_Control_System/Blueprints/Components/Particles/P_Fireflies.uexp" 2786
"C:/Users/User/Downloads/Parcial02/Content/Particles_Wind_Control_System/Blueprints/BP_Particle_Fireflies.uasset" 2787
"C:/Users/User/Downloads/Parcial02/Content/Particles_Wind_Control_System/Blueprints/BP_Particle_Fireflies.uexp" 2788
"C:/Users/User/Downloads/Parcial02/Content/Particles_Wind_Control_System/Textures/T_particles.uasset" 2789
"C:/Users/User/Downloads/Parcial02/Content/Particles_Wind_Control_System/Textures/T_particles.uexp" 2790
"C:/Users/User/Downloads/Parcial02/Content/Particles_Wind_Control_System/Textures/T_Clouds.uasset" 2791
"C:/Users/User/Downloads/Parcial02/Content/Particles_Wind_Control_System/Textures/T_Clouds.uexp" 2792
"C:/Users/User/Downloads/Parcial02/Content/Particles_Wind_Control_System/Materials/M_Smoke.uasset" 2793
"C:/Users/User/Downloads/Parcial02/Content/Particles_Wind_Control_System/Materials/M_Smoke.uexp" 2794
"C:/Users/User/Downloads/Parcial02/Content/Particles_Wind_Control_System/Blueprints/Components/Interface_Wind_Particle_True.uasset" 2795
"C:/Users/User/Downloads/Parcial02/Content/Particles_Wind_Control_System/Blueprints/Components/Interface_Wind_Particle_True.uexp" 2796
"C:/Users/User/Downloads/Parcial02/Content/Particles_Wind_Control_System/Blueprints/Components/Particles/P_Smoke.uasset" 2797
"C:/Users/User/Downloads/Parcial02/Content/Particles_Wind_Control_System/Blueprints/Components/Particles/P_Smoke.uexp" 2798
"../../../Engine/Content/EditorBlueprintResources/StandardMacros.uasset" 2799
"../../../Engine/Content/EditorBlueprintResources/StandardMacros.uexp" 2800
"C:/Users/User/Downloads/Parcial02/Content/Particles_Wind_Control_System/Blueprints/BP_Paticle_wind_settings.uasset" 2801
"C:/Users/User/Downloads/Parcial02/Content/Particles_Wind_Control_System/Blueprints/BP_Paticle_wind_settings.uexp" 2802
"C:/Users/User/Downloads/Parcial02/Content/Particles_Wind_Control_System/Blueprints/Components/Wind_Update_Info.uasset" 2803
"C:/Users/User/Downloads/Parcial02/Content/Particles_Wind_Control_System/Blueprints/Components/Wind_Update_Info.uexp" 2804
"C:/Users/User/Downloads/Parcial02/Content/Particles_Wind_Control_System/Blueprints/BP_Particle_Smoke.uasset" 2805
"C:/Users/User/Downloads/Parcial02/Content/Particles_Wind_Control_System/Blueprints/BP_Particle_Smoke.uexp" 2806
"C:/Users/User/Downloads/Parcial02/Content/Scene_Saloon/Materials/MSPresets/MSVTTextures/BlackPlaceholder.ubulk" 2807
"C:/Users/User/Downloads/Parcial02/Content/Scene_Saloon/Materials/MSPresets/MSVTTextures/BlackPlaceholder.uasset" 2808
"C:/Users/User/Downloads/Parcial02/Content/Scene_Saloon/Materials/MSPresets/MSVTTextures/BlackPlaceholder.uexp" 2809
"C:/Users/User/Downloads/Parcial02/Content/Scene_Saloon/Materials/MSPresets/MSVTTextures/DefaultDiffuse.ubulk" 2810
"C:/Users/User/Downloads/Parcial02/Content/Scene_Saloon/Materials/MSPresets/MSVTTextures/DefaultDiffuse.uasset" 2811
"C:/Users/User/Downloads/Parcial02/Content/Scene_Saloon/Materials/MSPresets/MSVTTextures/DefaultDiffuse.uexp" 2812
"C:/Users/User/Downloads/Parcial02/Content/Scene_Saloon/Materials/MSPresets/MSVTTextures/Placeholder_Normal.ubulk" 2813
"C:/Users/User/Downloads/Parcial02/Content/Scene_Saloon/Materials/MSPresets/MSVTTextures/Placeholder_Normal.uasset" 2814
"C:/Users/User/Downloads/Parcial02/Content/Scene_Saloon/Materials/MSPresets/MSVTTextures/Placeholder_Normal.uexp" 2815
"C:/Users/User/Downloads/Parcial02/Content/Scene_Saloon/Materials/MSPresets/MSVTTextures/WhitePlaceholder.ubulk" 2816
"C:/Users/User/Downloads/Parcial02/Content/Scene_Saloon/Materials/MSPresets/MSVTTextures/WhitePlaceholder.uasset" 2817
"C:/Users/User/Downloads/Parcial02/Content/Scene_Saloon/Materials/MSPresets/MSVTTextures/WhitePlaceholder.uexp" 2818
"C:/Users/User/Downloads/Parcial02/Content/Scene_Saloon/Materials/MSPresets/M_MS_Default_Material/Functions/MF_ObjAdjustments.uasset" 2819
"C:/Users/User/Downloads/Parcial02/Content/Scene_Saloon/Materials/MSPresets/M_MS_Default_Material/Functions/MF_ObjAdjustments.uexp" 2820
"C:/Users/User/Downloads/Parcial02/Content/Scene_Saloon/Materials/MSPresets/M_MS_Default_Material_VT/M_MS_Default_Material_VT.uasset" 2821
"C:/Users/User/Downloads/Parcial02/Content/Scene_Saloon/Materials/MSPresets/M_MS_Default_Material_VT/M_MS_Default_Material_VT.uexp" 2822
"C:/Users/User/Downloads/Parcial02/Content/Scene_Saloon/Assets/MS/3D/His_Med_Storage_Barrel_Wood_Worn_01/T_His_Med_Storage_Barrel_Wood_Worn_01_N.ubulk" 2823
"C:/Users/User/Downloads/Parcial02/Content/Scene_Saloon/Assets/MS/3D/His_Med_Storage_Barrel_Wood_Worn_01/T_His_Med_Storage_Barrel_Wood_Worn_01_N.uasset" 2824
"C:/Users/User/Downloads/Parcial02/Content/Scene_Saloon/Assets/MS/3D/His_Med_Storage_Barrel_Wood_Worn_01/T_His_Med_Storage_Barrel_Wood_Worn_01_N.uexp" 2825
"C:/Users/User/Downloads/Parcial02/Content/Scene_Saloon/Assets/MS/3D/His_Med_Storage_Barrel_Wood_Worn_01/T_His_Med_Storage_Barrel_Wood_Worn_01_DpR.ubulk" 2826
"C:/Users/User/Downloads/Parcial02/Content/Scene_Saloon/Assets/MS/3D/His_Med_Storage_Barrel_Wood_Worn_01/T_His_Med_Storage_Barrel_Wood_Worn_01_DpR.uasset" 2827
"C:/Users/User/Downloads/Parcial02/Content/Scene_Saloon/Assets/MS/3D/His_Med_Storage_Barrel_Wood_Worn_01/T_His_Med_Storage_Barrel_Wood_Worn_01_DpR.uexp" 2828
"C:/Users/User/Downloads/Parcial02/Content/Scene_Saloon/Assets/MS/3D/His_Med_Storage_Barrel_Wood_Worn_01/T_His_Med_Storage_Barrel_Wood_Worn_01_D.ubulk" 2829
"C:/Users/User/Downloads/Parcial02/Content/Scene_Saloon/Assets/MS/3D/His_Med_Storage_Barrel_Wood_Worn_01/T_His_Med_Storage_Barrel_Wood_Worn_01_D.uasset" 2830
"C:/Users/User/Downloads/Parcial02/Content/Scene_Saloon/Assets/MS/3D/His_Med_Storage_Barrel_Wood_Worn_01/T_His_Med_Storage_Barrel_Wood_Worn_01_D.uexp" 2831
"C:/Users/User/Downloads/Parcial02/Content/Scene_Saloon/Assets/MS/3D/His_Med_Storage_Barrel_Wood_Worn_01/MI_His_Med_Storage_Barrel_Wood_Worn_01.uasset" 2832
"C:/Users/User/Downloads/Parcial02/Content/Scene_Saloon/Assets/MS/3D/His_Med_Storage_Barrel_Wood_Worn_01/MI_His_Med_Storage_Barrel_Wood_Worn_01.uexp" 2833
"C:/Users/User/Downloads/Parcial02/Content/Scene_Saloon/Assets/MS/3D/His_Med_Storage_Barrel_Wood_Worn_01/SM_His_Med_Storage_Barrel_Wood_Worn_01.ubulk" 2834
"C:/Users/User/Downloads/Parcial02/Content/Scene_Saloon/Assets/MS/3D/His_Med_Storage_Barrel_Wood_Worn_01/SM_His_Med_Storage_Barrel_Wood_Worn_01.uasset" 2835
"C:/Users/User/Downloads/Parcial02/Content/Scene_Saloon/Assets/MS/3D/His_Med_Storage_Barrel_Wood_Worn_01/SM_His_Med_Storage_Barrel_Wood_Worn_01.uexp" 2836
"C:/Users/User/Downloads/Parcial02/Content/Scene_Saloon/Assets/MS/3D/Res_Fur_Stool_Metal_Worn_01/T_Res_Fur_Stool_Metal_Worn_01_N.ubulk" 2837
"C:/Users/User/Downloads/Parcial02/Content/Scene_Saloon/Assets/MS/3D/Res_Fur_Stool_Metal_Worn_01/T_Res_Fur_Stool_Metal_Worn_01_N.uasset" 2838
"C:/Users/User/Downloads/Parcial02/Content/Scene_Saloon/Assets/MS/3D/Res_Fur_Stool_Metal_Worn_01/T_Res_Fur_Stool_Metal_Worn_01_N.uexp" 2839
"C:/Users/User/Downloads/Parcial02/Content/Scene_Saloon/Assets/MS/3D/Res_Fur_Stool_Metal_Worn_01/T_Res_Fur_Stool_Metal_Worn_01_DpR.ubulk" 2840
"C:/Users/User/Downloads/Parcial02/Content/Scene_Saloon/Assets/MS/3D/Res_Fur_Stool_Metal_Worn_01/T_Res_Fur_Stool_Metal_Worn_01_DpR.uasset" 2841
"C:/Users/User/Downloads/Parcial02/Content/Scene_Saloon/Assets/MS/3D/Res_Fur_Stool_Metal_Worn_01/T_Res_Fur_Stool_Metal_Worn_01_DpR.uexp" 2842
"C:/Users/User/Downloads/Parcial02/Content/Scene_Saloon/Assets/MS/3D/Res_Fur_Stool_Metal_Worn_01/T_Res_Fur_Stool_Metal_Worn_01_D.ubulk" 2843
"C:/Users/User/Downloads/Parcial02/Content/Scene_Saloon/Assets/MS/3D/Res_Fur_Stool_Metal_Worn_01/T_Res_Fur_Stool_Metal_Worn_01_D.uasset" 2844
"C:/Users/User/Downloads/Parcial02/Content/Scene_Saloon/Assets/MS/3D/Res_Fur_Stool_Metal_Worn_01/T_Res_Fur_Stool_Metal_Worn_01_D.uexp" 2845
"C:/Users/User/Downloads/Parcial02/Content/Scene_Saloon/Assets/MS/3D/Res_Fur_Stool_Metal_Worn_01/MI_Res_Fur_Stool_Metal_Worn_01.uasset" 2846
"C:/Users/User/Downloads/Parcial02/Content/Scene_Saloon/Assets/MS/3D/Res_Fur_Stool_Metal_Worn_01/MI_Res_Fur_Stool_Metal_Worn_01.uexp" 2847
"C:/Users/User/Downloads/Parcial02/Content/Scene_Saloon/Assets/MS/3D/Res_Fur_Stool_Metal_Worn_01/SM_Res_Fur_Stool_Metal_Worn_01.ubulk" 2848
"C:/Users/User/Downloads/Parcial02/Content/Scene_Saloon/Assets/MS/3D/Res_Fur_Stool_Metal_Worn_01/SM_Res_Fur_Stool_Metal_Worn_01.uasset" 2849
"C:/Users/User/Downloads/Parcial02/Content/Scene_Saloon/Assets/MS/3D/Res_Fur_Stool_Metal_Worn_01/SM_Res_Fur_Stool_Metal_Worn_01.uexp" 2850
"C:/Users/User/Downloads/Parcial02/Content/Scene_Saloon/Assets/MS/3D/Res_Fur_Stool_Wood_Armless_01/T_Res_Fur_Stool_Wood_Armless_01_N.ubulk" 2851
"C:/Users/User/Downloads/Parcial02/Content/Scene_Saloon/Assets/MS/3D/Res_Fur_Stool_Wood_Armless_01/T_Res_Fur_Stool_Wood_Armless_01_N.uasset" 2852
"C:/Users/User/Downloads/Parcial02/Content/Scene_Saloon/Assets/MS/3D/Res_Fur_Stool_Wood_Armless_01/T_Res_Fur_Stool_Wood_Armless_01_N.uexp" 2853
"C:/Users/User/Downloads/Parcial02/Content/Scene_Saloon/Assets/MS/3D/Res_Fur_Stool_Wood_Armless_01/T_Res_Fur_Stool_Wood_Armless_01_DpR.ubulk" 2854
"C:/Users/User/Downloads/Parcial02/Content/Scene_Saloon/Assets/MS/3D/Res_Fur_Stool_Wood_Armless_01/T_Res_Fur_Stool_Wood_Armless_01_DpR.uasset" 2855
"C:/Users/User/Downloads/Parcial02/Content/Scene_Saloon/Assets/MS/3D/Res_Fur_Stool_Wood_Armless_01/T_Res_Fur_Stool_Wood_Armless_01_DpR.uexp" 2856
"C:/Users/User/Downloads/Parcial02/Content/Scene_Saloon/Assets/MS/3D/Res_Fur_Stool_Wood_Armless_01/T_Res_Fur_Stool_Wood_Armless_01_D.ubulk" 2857
"C:/Users/User/Downloads/Parcial02/Content/Scene_Saloon/Assets/MS/3D/Res_Fur_Stool_Wood_Armless_01/T_Res_Fur_Stool_Wood_Armless_01_D.uasset" 2858
"C:/Users/User/Downloads/Parcial02/Content/Scene_Saloon/Assets/MS/3D/Res_Fur_Stool_Wood_Armless_01/T_Res_Fur_Stool_Wood_Armless_01_D.uexp" 2859
"C:/Users/User/Downloads/Parcial02/Content/Scene_Saloon/Assets/MS/3D/Res_Fur_Stool_Wood_Armless_01/MI_Res_Fur_Stool_Wood_Armless_01.uasset" 2860
"C:/Users/User/Downloads/Parcial02/Content/Scene_Saloon/Assets/MS/3D/Res_Fur_Stool_Wood_Armless_01/MI_Res_Fur_Stool_Wood_Armless_01.uexp" 2861
"C:/Users/User/Downloads/Parcial02/Content/Scene_Saloon/Assets/MS/3D/Res_Fur_Stool_Wood_Armless_01/SM_Res_Fur_Stool_Wood_Armless_01.ubulk" 2862
"C:/Users/User/Downloads/Parcial02/Content/Scene_Saloon/Assets/MS/3D/Res_Fur_Stool_Wood_Armless_01/SM_Res_Fur_Stool_Wood_Armless_01.uasset" 2863
"C:/Users/User/Downloads/Parcial02/Content/Scene_Saloon/Assets/MS/3D/Res_Fur_Stool_Wood_Armless_01/SM_Res_Fur_Stool_Wood_Armless_01.uexp" 2864
"C:/Users/User/Downloads/Parcial02/Content/Scene_Saloon/Assets/MS/3D/Res_Rur_Storage_Bucket_Metal_Worn_03/T_Res_Rur_Storage_Bucket_Metal_Worn_03_N.ubulk" 2865
"C:/Users/User/Downloads/Parcial02/Content/Scene_Saloon/Assets/MS/3D/Res_Rur_Storage_Bucket_Metal_Worn_03/T_Res_Rur_Storage_Bucket_Metal_Worn_03_N.uasset" 2866
"C:/Users/User/Downloads/Parcial02/Content/Scene_Saloon/Assets/MS/3D/Res_Rur_Storage_Bucket_Metal_Worn_03/T_Res_Rur_Storage_Bucket_Metal_Worn_03_N.uexp" 2867
"C:/Users/User/Downloads/Parcial02/Content/Scene_Saloon/Assets/MS/3D/Res_Rur_Storage_Bucket_Metal_Worn_03/T_Res_Rur_Storage_Bucket_Metal_Worn_03_DpR.ubulk" 2868
"C:/Users/User/Downloads/Parcial02/Content/Scene_Saloon/Assets/MS/3D/Res_Rur_Storage_Bucket_Metal_Worn_03/T_Res_Rur_Storage_Bucket_Metal_Worn_03_DpR.uasset" 2869
"C:/Users/User/Downloads/Parcial02/Content/Scene_Saloon/Assets/MS/3D/Res_Rur_Storage_Bucket_Metal_Worn_03/T_Res_Rur_Storage_Bucket_Metal_Worn_03_DpR.uexp" 2870
"C:/Users/User/Downloads/Parcial02/Content/Scene_Saloon/Assets/MS/3D/Res_Rur_Storage_Bucket_Metal_Worn_03/T_Res_Rur_Storage_Bucket_Metal_Worn_03_D.ubulk" 2871
"C:/Users/User/Downloads/Parcial02/Content/Scene_Saloon/Assets/MS/3D/Res_Rur_Storage_Bucket_Metal_Worn_03/T_Res_Rur_Storage_Bucket_Metal_Worn_03_D.uasset" 2872
"C:/Users/User/Downloads/Parcial02/Content/Scene_Saloon/Assets/MS/3D/Res_Rur_Storage_Bucket_Metal_Worn_03/T_Res_Rur_Storage_Bucket_Metal_Worn_03_D.uexp" 2873
"C:/Users/User/Downloads/Parcial02/Content/Scene_Saloon/Assets/MS/3D/Res_Rur_Storage_Bucket_Metal_Worn_03/MI_Res_Rur_Storage_Bucket_Metal_Worn_03.uasset" 2874
"C:/Users/User/Downloads/Parcial02/Content/Scene_Saloon/Assets/MS/3D/Res_Rur_Storage_Bucket_Metal_Worn_03/MI_Res_Rur_Storage_Bucket_Metal_Worn_03.uexp" 2875
"C:/Users/User/Downloads/Parcial02/Content/Scene_Saloon/Assets/MS/3D/Res_Rur_Storage_Bucket_Metal_Worn_03/SM_Res_Rur_Storage_Bucket_Metal_Worn_03.ubulk" 2876
"C:/Users/User/Downloads/Parcial02/Content/Scene_Saloon/Assets/MS/3D/Res_Rur_Storage_Bucket_Metal_Worn_03/SM_Res_Rur_Storage_Bucket_Metal_Worn_03.uasset" 2877
"C:/Users/User/Downloads/Parcial02/Content/Scene_Saloon/Assets/MS/3D/Res_Rur_Storage_Bucket_Metal_Worn_03/SM_Res_Rur_Storage_Bucket_Metal_Worn_03.uexp" 2878
"C:/Users/User/Downloads/Parcial02/Content/Scene_Saloon/Assets/MS/3D/Res_Sto_Chest_Wood_Worn_08/T_Res_Sto_Chest_Wood_Worn_08_N.ubulk" 2879
"C:/Users/User/Downloads/Parcial02/Content/Scene_Saloon/Assets/MS/3D/Res_Sto_Chest_Wood_Worn_08/T_Res_Sto_Chest_Wood_Worn_08_N.uasset" 2880
"C:/Users/User/Downloads/Parcial02/Content/Scene_Saloon/Assets/MS/3D/Res_Sto_Chest_Wood_Worn_08/T_Res_Sto_Chest_Wood_Worn_08_N.uexp" 2881
"C:/Users/User/Downloads/Parcial02/Content/Scene_Saloon/Assets/MS/3D/Res_Sto_Chest_Wood_Worn_08/T_Res_Sto_Chest_Wood_Worn_08_DpR.ubulk" 2882
"C:/Users/User/Downloads/Parcial02/Content/Scene_Saloon/Assets/MS/3D/Res_Sto_Chest_Wood_Worn_08/T_Res_Sto_Chest_Wood_Worn_08_DpR.uasset" 2883
"C:/Users/User/Downloads/Parcial02/Content/Scene_Saloon/Assets/MS/3D/Res_Sto_Chest_Wood_Worn_08/T_Res_Sto_Chest_Wood_Worn_08_DpR.uexp" 2884
"C:/Users/User/Downloads/Parcial02/Content/Scene_Saloon/Assets/MS/3D/Res_Sto_Chest_Wood_Worn_08/T_Res_Sto_Chest_Wood_Worn_08_D.ubulk" 2885
"C:/Users/User/Downloads/Parcial02/Content/Scene_Saloon/Assets/MS/3D/Res_Sto_Chest_Wood_Worn_08/T_Res_Sto_Chest_Wood_Worn_08_D.uasset" 2886
"C:/Users/User/Downloads/Parcial02/Content/Scene_Saloon/Assets/MS/3D/Res_Sto_Chest_Wood_Worn_08/T_Res_Sto_Chest_Wood_Worn_08_D.uexp" 2887
"C:/Users/User/Downloads/Parcial02/Content/Scene_Saloon/Assets/MS/3D/Res_Sto_Chest_Wood_Worn_08/MI_Res_Sto_Chest_Wood_Worn_08.uasset" 2888
"C:/Users/User/Downloads/Parcial02/Content/Scene_Saloon/Assets/MS/3D/Res_Sto_Chest_Wood_Worn_08/MI_Res_Sto_Chest_Wood_Worn_08.uexp" 2889
"C:/Users/User/Downloads/Parcial02/Content/Scene_Saloon/Assets/MS/3D/Res_Sto_Chest_Wood_Worn_08/SM_Res_Sto_Chest_Wood_Worn_08.ubulk" 2890
"C:/Users/User/Downloads/Parcial02/Content/Scene_Saloon/Assets/MS/3D/Res_Sto_Chest_Wood_Worn_08/SM_Res_Sto_Chest_Wood_Worn_08.uasset" 2891
"C:/Users/User/Downloads/Parcial02/Content/Scene_Saloon/Assets/MS/3D/Res_Sto_Chest_Wood_Worn_08/SM_Res_Sto_Chest_Wood_Worn_08.uexp" 2892
"C:/Users/User/Downloads/Parcial02/Content/Telephone/Textures/T_Phone_2_OcclusionRoughnessMetallic.ubulk" 2893
"C:/Users/User/Downloads/Parcial02/Content/Telephone/Textures/T_Phone_2_OcclusionRoughnessMetallic.uasset" 2894
"C:/Users/User/Downloads/Parcial02/Content/Telephone/Textures/T_Phone_2_OcclusionRoughnessMetallic.uexp" 2895
"C:/Users/User/Downloads/Parcial02/Content/Telephone/Textures/T_Phone_2_Normal.ubulk" 2896
"C:/Users/User/Downloads/Parcial02/Content/Telephone/Textures/T_Phone_2_Normal.uasset" 2897
"C:/Users/User/Downloads/Parcial02/Content/Telephone/Textures/T_Phone_2_Normal.uexp" 2898
"C:/Users/User/Downloads/Parcial02/Content/Telephone/Textures/T_Phone_2_BaseColor.ubulk" 2899
"C:/Users/User/Downloads/Parcial02/Content/Telephone/Textures/T_Phone_2_BaseColor.uasset" 2900
"C:/Users/User/Downloads/Parcial02/Content/Telephone/Textures/T_Phone_2_BaseColor.uexp" 2901
"C:/Users/User/Downloads/Parcial02/Content/Telephone/Materials/M_Phone_2.uasset" 2902
"C:/Users/User/Downloads/Parcial02/Content/Telephone/Materials/M_Phone_2.uexp" 2903
"C:/Users/User/Downloads/Parcial02/Content/Telephone/StaticMesh/SM_SM_Telephone_2_001.ubulk" 2904
"C:/Users/User/Downloads/Parcial02/Content/Telephone/StaticMesh/SM_SM_Telephone_2_001.uasset" 2905
"C:/Users/User/Downloads/Parcial02/Content/Telephone/StaticMesh/SM_SM_Telephone_2_001.uexp" 2906
"C:/Users/User/Downloads/Parcial02/Content/Abuelita_mercenaria/Casa.uexp" 2907
"C:/Users/User/Downloads/Parcial02/Content/Abuelita_mercenaria/Casa.umap" 2908
